"id","Age","Gender","Country","Big5_Extraversion","Big5_Agreeableness","Big5_Conscientiousness","Big5_Neuroticism","Big5_Openness","SM_hours_per_day","SMUse1","SMUse2","SMUse3","SMUse4","SMA1","SMA2","SMA3","SMA4","SMA5","IBuying1","IBuying2","IBuying3","IBuying4","IBuying5","PsychDistress1","PsychDistress2","PsychDistress3","PsychDistress4","PsychDistress5","Social Media Intensive Use","BergenSMA","ImpulseBuying","PsychDistress"
1,31,"Male","Italy",2.85,3.72,3.32,2.38,2.68,1.7,4,2,4,3,3,3,5,5,3,2,2,4,2,2,4,3,2,3,3,3.25,3.8,2.4,3.0
2,31,"Male","France",4.07,3.39,4.3,2.17,3.69,2.07,2,4,3,3,2,2,2,3,2,1,1,1,1,1,2,3,1,2,2,3.0,2.2,1.0,2.0
3,22,"Male","Germany",4.64,2.91,2.17,3.78,3.0,3.22,3,5,5,5,5,5,5,5,5,5,3,4,3,3,3,3,3,4,3,4.5,5.0,3.6,3.2
4,33,"Female","Italy",3.19,3.15,3.35,2.59,3.16,2.28,2,2,3,2,3,4,3,3,3,3,4,3,3,4,1,1,1,2,1,2.25,3.2,3.4,1.2
5,32,"Female","Spain",3.47,2.93,2.76,3.08,2.44,3.29,4,3,4,4,2,1,1,2,2,4,4,4,4,4,3,4,4,4,2,3.75,1.6,4.0,3.4
6,33,"Female","Germany",2.95,3.55,3.07,3.05,3.23,2.09,3,3,4,3,2,2,2,2,2,2,2,1,3,2,3,2,3,3,3,3.25,2.0,2.0,2.8
7,20,"Female","Italy",2.81,3.87,4.19,2.61,3.58,2.53,3,3,3,3,3,2,4,3,2,4,4,3,4,4,4,2,2,3,2,3.0,2.8,3.8,2.6
8,28,"Male","Italy",3.06,3.6,4.24,2.9,2.32,2.31,4,4,5,4,1,2,1,1,2,1,1,1,1,1,3,4,3,4,2,4.25,1.4,1.0,3.2
9,27,"Male","Spain",3.47,4.16,3.42,3.3,3.02,1.92,4,4,4,5,3,3,3,2,3,3,2,3,2,3,4,3,3,2,4,4.25,2.8,2.6,3.2
10,21,"Male","France",2.31,3.4,2.23,3.25,3.81,1.91,3,4,3,4,4,4,4,4,5,4,3,3,4,3,2,3,3,2,3,3.5,4.2,3.4,2.6
11,24,"Female","France",2.05,2.62,2.37,3.62,2.76,2.95,3,4,3,4,4,4,3,4,4,5,5,5,5,4,3,4,3,4,4,3.5,3.8,4.8,3.6
12,28,"Female","Germany",4.04,4.15,3.83,2.82,3.76,2.43,3,4,3,4,3,3,3,3,3,4,3,4,3,3,3,3,2,3,3,3.5,3.0,3.4,2.8
13,34,"Female","Italy",2.68,3.96,2.77,3.76,3.9,1.35,3,4,4,5,4,4,4,4,4,4,4,4,4,4,3,3,4,3,4,4.0,4.0,4.0,3.4
14,24,"Non-binary","Germany",3.33,3.31,3.51,1.25,3.47,3.15,4,4,5,5,2,3,3,3,3,2,1,2,1,2,2,1,2,1,2,4.5,2.8,1.6,1.6
15,36,"Non-binary","France",3.13,3.36,3.7,2.74,2.64,1.51,3,3,2,3,3,3,3,3,3,3,3,3,3,4,1,4,3,4,2,2.75,3.0,3.2,2.8
16,30,"Female","Spain",3.12,3.53,3.37,3.18,3.9,4.48,5,5,5,5,4,3,3,4,3,4,3,3,3,3,3,4,3,3,4,5.0,3.4,3.2,3.4
17,34,"Male","France",2.55,3.44,4.01,1.82,3.3,2.24,4,3,4,3,2,2,3,2,2,2,1,2,2,1,2,1,3,1,2,3.5,2.2,1.6,1.8
18,29,"Male","Spain",2.85,3.14,2.68,3.07,4.25,3.16,4,3,5,3,3,3,3,4,4,2,2,1,2,2,2,2,2,3,3,3.75,3.4,1.8,2.4
19,29,"Male","Germany",2.44,2.63,2.28,4.36,2.8,3.18,3,4,3,2,5,5,5,5,5,4,4,5,5,4,5,4,5,5,4,3.0,5.0,4.4,4.6
20,31,"Female","Italy",3.18,3.26,2.69,3.18,4.68,2.07,3,4,4,4,5,4,5,5,5,3,4,3,2,4,4,3,3,4,2,3.75,4.8,3.2,3.2
21,40,"Male","Italy",4.04,2.97,3.62,2.24,2.4,1.99,2,2,2,2,3,4,3,3,3,1,2,1,2,3,3,2,3,3,3,2.0,3.2,1.8,2.8
22,29,"Female","France",3.81,4.25,4.16,2.41,3.41,3.08,3,3,3,4,2,2,2,1,2,2,2,3,2,3,3,2,3,2,2,3.25,1.8,2.4,2.4
23,30,"Female","Germany",3.65,3.78,3.19,2.14,3.44,2.84,5,4,4,3,2,2,2,2,2,3,3,3,2,3,3,2,1,1,1,4.0,2.0,2.8,1.6
24,31,"Female","Germany",3.85,2.85,3.52,3.17,3.84,2.83,3,3,3,3,5,4,5,5,4,4,2,3,3,4,3,2,3,2,3,3.0,4.6,3.2,2.6
25,34,"Male","Italy",3.72,3.04,2.31,2.85,3.83,1.86,4,4,3,5,3,4,4,5,4,3,2,3,3,2,3,3,4,4,4,4.0,4.0,2.6,3.6
26,20,"Male","Spain",2.87,2.95,2.1,4.34,3.64,3.1,4,4,4,4,5,5,5,4,5,5,4,5,4,5,5,5,5,5,5,4.0,4.8,4.6,5.0
27,29,"Male","France",3.66,4.02,3.85,2.47,3.36,2.65,4,4,4,4,3,3,2,1,3,3,4,3,3,3,3,2,3,3,3,4.0,2.4,3.2,2.8
28,29,"Female","Spain",2.94,5.0,4.05,2.51,3.66,3.06,4,4,4,4,2,3,2,3,3,3,3,2,2,3,1,1,1,1,2,4.0,2.6,2.6,1.2
29,40,"Female","Spain",2.59,4.34,3.14,3.43,3.86,2.98,3,3,3,4,2,3,3,3,3,3,2,3,3,3,4,5,4,4,4,3.25,2.8,2.8,4.2
30,29,"Female","Italy",3.43,3.58,3.35,3.01,3.01,2.51,2,2,3,3,3,2,4,3,3,2,3,4,3,3,4,4,3,3,3,2.5,3.0,3.0,3.4
31,28,"Male","Italy",2.93,4.26,3.47,2.38,3.0,3.44,5,4,4,3,4,4,4,4,4,2,2,2,2,2,2,2,3,2,3,4.0,4.0,2.0,2.4
32,43,"Male","Germany",3.86,3.87,3.82,2.43,3.82,2.9,4,3,3,4,3,4,4,3,4,2,3,2,4,3,3,2,2,3,2,3.5,3.6,2.8,2.4
33,28,"Male","Spain",2.81,3.21,3.77,3.32,2.68,2.87,4,3,2,2,3,4,3,3,2,2,2,2,2,2,3,3,2,3,4,2.75,3.0,2.0,3.0
34,23,"Female","France",2.69,3.51,4.25,1.84,3.4,3.48,3,4,3,3,1,1,1,1,1,2,2,2,3,2,3,2,2,2,1,3.25,1.0,2.2,2.0
35,24,"Female","France",2.37,3.04,2.89,3.17,2.77,2.18,3,2,2,2,3,3,4,4,3,2,2,3,2,3,2,3,2,3,2,2.25,3.4,2.4,2.4
36,21,"Male","Spain",3.2,3.08,2.37,3.65,3.67,3.5,5,5,5,5,5,5,5,5,5,3,3,4,4,2,4,5,5,5,5,5.0,5.0,3.2,4.8
37,18,"Female","Spain",3.71,2.63,3.24,3.5,2.74,4.05,5,5,5,5,3,3,3,3,3,4,4,3,4,4,3,2,1,2,1,5.0,3.0,3.8,1.8
38,28,"Male","France",3.21,3.33,4.33,3.65,2.42,2.31,3,3,4,3,4,3,4,3,3,2,2,3,4,3,2,2,2,2,2,3.25,3.4,2.8,2.0
39,35,"Female","Spain",4.7,3.1,3.86,3.25,3.02,1.79,4,4,3,4,4,5,4,5,5,3,3,4,3,3,2,1,2,2,4,3.75,4.6,3.2,2.2
40,34,"Male","Italy",3.5,3.37,3.63,2.87,4.08,3.22,4,5,5,5,3,3,4,3,4,1,1,2,2,2,3,3,3,2,3,4.75,3.4,1.6,2.8
41,19,"Male","France",3.25,3.3,3.89,3.05,3.78,2.72,4,5,5,4,5,5,5,5,5,2,2,4,3,2,3,4,5,4,4,4.5,5.0,2.6,4.0
42,30,"Female","Germany",2.8,2.84,2.76,3.05,3.6,1.56,2,3,2,2,2,3,2,3,2,4,3,3,4,3,5,3,5,5,4,2.25,2.4,3.4,4.4
43,22,"Male","Italy",3.79,3.37,4.14,3.31,3.62,3.37,4,5,5,4,2,2,3,3,2,3,3,3,3,3,4,2,3,3,3,4.5,2.4,3.0,3.0
44,41,"Male","Spain",2.71,4.29,3.5,2.89,3.08,3.0,1,2,2,2,3,3,3,2,4,2,1,1,1,2,2,2,2,3,3,1.75,3.0,1.4,2.4
45,23,"Male","Germany",2.67,2.47,3.35,2.63,4.92,1.71,4,5,4,4,2,2,3,2,2,4,3,3,1,2,2,2,3,3,2,4.25,2.2,2.6,2.4
46,31,"Male","Germany",2.55,2.58,3.31,3.92,3.19,3.15,3,3,3,2,3,3,4,3,3,4,3,4,5,3,4,4,3,3,3,2.75,3.2,3.8,3.4
47,26,"Female","France",3.54,2.43,2.62,2.76,2.13,1.03,4,5,4,4,4,2,4,4,3,4,3,5,4,3,2,4,1,3,3,4.25,3.4,3.8,2.6
48,32,"Female","Spain",3.27,2.17,2.16,3.26,2.66,1.92,4,2,3,3,4,4,4,4,4,4,2,3,2,4,3,2,4,4,2,3.0,4.0,3.0,3.0
49,27,"Female","Italy",3.44,3.71,3.89,3.28,4.07,4.33,5,5,4,4,4,4,4,4,3,1,1,1,2,1,4,4,4,3,3,4.5,3.8,1.2,3.6
50,34,"Male","Spain",3.2,3.58,3.65,2.85,3.1,1.85,3,3,2,2,1,3,3,3,2,2,2,2,2,3,2,2,2,1,2,2.5,2.4,2.2,1.8
51,24,"Female","Spain",3.0,2.99,3.37,3.11,2.85,2.4,3,2,2,3,3,3,2,3,2,2,2,2,2,2,3,2,2,2,2,2.5,2.6,2.0,2.2
52,39,"Male","Spain",2.8,2.64,3.62,2.97,2.69,2.52,3,2,2,2,3,3,4,3,3,3,3,3,3,3,4,3,4,3,2,2.25,3.2,3.0,3.2
53,29,"Male","Italy",3.69,3.11,2.45,3.67,3.02,1.02,4,1,2,3,5,5,5,5,5,3,2,3,2,3,4,4,5,3,4,2.5,5.0,2.6,4.0
54,34,"Male","Italy",2.95,3.4,3.94,2.75,2.59,2.78,3,4,4,4,3,3,3,2,4,2,2,3,3,2,3,2,2,2,3,3.75,3.0,2.4,2.4
55,37,"Female","Italy",3.53,3.24,4.33,2.74,2.1,2.0,2,2,2,2,2,3,2,2,2,4,4,2,3,3,3,3,3,3,2,2.0,2.2,3.2,2.8
56,53,"Female","Italy",3.41,4.68,4.59,3.54,2.92,3.11,2,2,2,1,1,1,2,1,2,3,2,2,3,2,3,3,3,1,4,1.75,1.4,2.4,2.8
57,24,"Female","France",3.75,3.12,3.35,2.33,2.99,2.4,5,5,5,5,3,2,3,3,3,3,3,3,4,4,4,4,3,4,4,5.0,2.8,3.4,3.8
58,25,"Female","France",2.79,4.0,3.87,3.1,2.51,1.96,3,4,3,3,2,3,2,3,3,2,1,1,1,1,2,3,2,3,2,3.25,2.6,1.2,2.4
59,24,"Female","Spain",3.01,3.04,3.64,3.72,3.89,1.97,3,3,4,3,2,3,4,2,3,1,2,2,1,2,2,3,3,3,4,3.25,2.8,1.6,3.0
60,25,"Female","Spain",2.75,1.82,1.76,4.58,2.8,1.35,2,3,2,3,4,4,4,4,4,5,5,5,5,4,5,5,5,5,5,2.5,4.0,4.8,5.0
61,31,"Female","Italy",2.75,4.44,4.27,2.8,3.16,3.52,5,4,5,4,4,3,4,3,4,2,4,3,3,2,2,3,2,2,3,4.5,3.6,2.8,2.4
62,48,"Male","France",3.12,3.53,4.27,2.81,3.78,2.58,3,3,3,3,4,4,3,4,3,3,3,3,3,2,2,2,2,1,2,3.0,3.6,2.8,1.8
63,47,"Male","France",3.9,2.77,3.62,2.56,1.94,2.12,4,3,3,3,3,2,2,3,3,2,2,2,2,3,2,2,3,2,3,3.25,2.6,2.2,2.4
64,30,"Male","Italy",1.92,2.66,3.3,3.23,3.12,2.07,3,3,2,4,1,3,2,2,2,3,2,3,3,3,4,4,4,4,3,3.0,2.0,2.8,3.8
65,32,"Female","Italy",4.37,2.86,3.18,3.17,3.05,2.39,3,3,4,4,4,4,4,5,4,2,2,2,3,2,3,4,4,3,3,3.5,4.2,2.2,3.4
66,37,"Female","France",3.22,2.55,3.84,2.63,4.45,2.01,2,2,2,3,2,2,2,3,3,2,2,3,3,3,3,1,3,3,2,2.25,2.4,2.6,2.4
67,40,"Female","France",3.18,4.11,3.46,2.97,3.0,1.09,2,2,2,2,1,2,1,1,2,4,4,4,4,3,1,1,2,2,1,2.0,1.4,3.8,1.4
68,24,"Male","Spain",3.27,3.6,2.91,2.93,2.94,2.97,5,5,4,4,4,4,4,5,4,4,4,4,5,3,3,3,3,3,4,4.5,4.2,4.0,3.2
69,30,"Female","Spain",4.58,3.58,4.31,2.45,3.78,2.99,4,4,5,5,4,4,3,4,4,1,1,3,1,3,4,3,2,3,3,4.5,3.8,1.8,3.0
70,36,"Male","France",2.41,3.05,3.27,3.93,3.28,1.42,2,2,1,2,1,1,1,1,1,1,1,1,1,1,2,1,3,2,2,1.75,1.0,1.0,2.0
71,25,"Male","Spain",4.03,3.87,4.42,2.35,4.95,3.17,3,4,3,4,1,2,2,2,1,1,1,1,2,2,2,2,1,3,2,3.5,1.6,1.4,2.0
72,28,"Male","France",2.91,2.91,2.45,4.54,3.67,2.61,4,4,3,3,4,4,4,3,4,5,5,4,4,4,4,5,3,4,4,3.5,3.8,4.4,4.0
73,46,"Male","Germany",3.0,4.13,3.91,3.74,2.47,1.24,1,1,1,1,3,2,4,2,3,2,1,2,3,2,3,3,2,3,3,1.0,2.8,2.0,2.8
74,46,"Female","Spain",3.04,3.21,2.09,4.08,3.03,2.12,3,4,3,3,3,3,3,4,3,4,4,4,4,3,5,3,5,4,3,3.25,3.2,3.8,4.0
75,39,"Male","Spain",3.64,4.85,3.57,2.37,3.55,3.85,3,2,4,3,3,2,2,1,2,3,3,3,2,2,3,2,3,3,3,3.0,2.0,2.6,2.8
76,35,"Female","Spain",3.79,3.22,2.91,3.73,3.61,3.73,2,3,3,3,4,4,4,5,4,5,5,4,5,4,4,4,3,5,3,2.75,4.2,4.6,3.8
77,25,"Male","Spain",1.97,2.55,3.82,3.24,2.61,0.94,3,1,2,1,2,2,2,1,2,2,2,3,2,3,3,1,2,2,2,1.75,1.8,2.4,2.0
78,26,"Male","Italy",3.1,3.4,3.71,2.05,2.8,1.27,1,2,2,2,3,2,2,1,2,1,2,2,2,2,1,1,1,1,1,1.75,2.0,1.8,1.0
79,30,"Female","France",3.36,3.46,3.63,2.3,3.54,1.72,3,3,4,2,2,1,2,2,2,2,3,2,2,2,2,3,3,2,2,3.0,1.8,2.2,2.4
80,30,"Male","Italy",3.85,3.76,3.53,2.64,2.97,3.37,3,5,3,3,1,3,2,2,2,2,2,1,3,3,2,2,2,2,2,3.5,2.0,2.2,2.0
81,29,"Non-binary","Italy",3.16,4.15,3.45,2.3,3.05,1.89,2,2,1,2,3,3,3,3,3,2,2,2,2,2,4,4,3,4,5,1.75,3.0,2.0,4.0
82,32,"Female","France",3.32,3.29,3.53,3.31,3.85,3.03,4,5,4,4,4,3,3,3,4,3,4,4,3,3,4,4,5,4,4,4.25,3.4,3.4,4.2
83,27,"Female","Germany",4.05,4.18,3.03,2.49,3.43,4.2,3,4,5,4,4,4,4,4,4,2,3,3,3,4,5,4,4,5,4,4.0,4.0,3.0,4.4
84,34,"Male","Spain",2.93,2.69,2.83,2.88,2.78,2.56,3,4,4,4,3,3,2,2,3,5,4,4,4,4,2,3,3,3,2,3.75,2.6,4.2,2.6
85,26,"Male","Spain",3.01,4.08,3.6,4.14,3.46,3.02,2,4,3,3,2,3,4,3,2,4,4,3,3,2,4,3,4,4,4,3.0,2.8,3.2,3.8
86,26,"Female","Spain",3.03,3.49,3.43,3.33,4.49,2.78,3,3,3,4,5,4,5,4,4,4,5,4,4,3,5,4,4,3,5,3.25,4.4,4.0,4.2
87,22,"Male","Italy",2.69,3.86,3.51,2.02,3.68,2.26,3,3,4,3,1,2,1,2,1,1,2,2,2,2,2,1,3,3,3,3.25,1.4,1.8,2.4
88,23,"Male","France",3.96,2.96,3.22,1.9,2.65,3.02,2,3,3,3,2,4,4,3,4,2,3,4,3,4,4,2,2,3,1,2.75,3.4,3.2,2.4
89,37,"Male","Spain",3.83,3.18,2.66,3.13,3.06,2.15,5,5,5,4,4,5,5,4,4,3,2,3,4,3,4,5,4,5,4,4.75,4.4,3.0,4.4
90,28,"Female","France",2.92,3.91,2.74,2.78,3.31,3.08,2,2,2,3,2,3,3,3,3,3,3,3,3,4,3,3,4,3,3,2.25,2.8,3.2,3.2
91,24,"Female","Spain",3.78,4.3,3.19,3.49,3.01,2.72,4,5,5,5,3,3,4,4,3,4,3,4,3,4,4,4,4,3,3,4.75,3.4,3.6,3.6
92,34,"Female","Italy",4.3,2.93,3.98,2.4,4.68,2.42,3,4,4,4,4,3,2,3,2,2,2,2,2,2,1,1,2,1,3,3.75,2.8,2.0,1.6
93,30,"Female","France",3.55,2.93,2.86,3.66,3.93,2.37,4,4,4,4,4,3,5,3,3,5,5,5,5,4,5,5,5,5,4,4.0,3.6,4.8,4.8
94,19,"Male","France",3.16,3.42,3.73,2.86,2.57,1.57,3,2,2,2,1,3,1,1,2,4,3,3,3,4,1,2,2,2,2,2.25,1.6,3.4,1.8
95,26,"Female","Spain",2.71,3.59,3.98,3.85,3.74,1.99,4,3,3,3,2,2,3,2,1,3,5,3,3,3,3,4,2,4,3,3.25,2.0,3.4,3.2
96,23,"Male","Italy",3.37,3.86,3.06,2.82,2.86,1.12,4,3,4,3,3,3,4,4,3,3,3,4,4,3,4,4,3,3,3,3.5,3.4,3.4,3.4
97,32,"Female","France",2.45,3.62,3.39,3.55,3.5,2.65,4,4,4,5,4,3,5,4,3,4,4,4,4,5,4,4,4,3,4,4.25,3.8,4.2,3.8
98,25,"Male","Spain",3.35,3.75,3.38,3.05,2.94,2.95,5,5,4,5,2,2,3,3,3,1,2,3,2,2,3,4,3,4,3,4.75,2.6,2.0,3.4
99,20,"Non-binary","Spain",3.42,3.82,3.05,2.94,2.99,3.33,4,3,4,3,4,4,4,4,4,4,5,4,4,4,4,3,2,4,4,3.5,4.0,4.2,3.4
100,20,"Male","Germany",2.88,2.7,3.79,3.46,3.56,3.73,5,5,5,5,3,5,4,5,4,3,3,2,2,3,4,3,3,3,2,5.0,4.2,2.6,3.0
101,31,"Male","Germany",4.38,3.41,5.0,2.02,3.78,2.25,4,4,4,5,5,3,4,4,4,2,1,1,1,2,1,1,1,1,2,4.25,4.0,1.4,1.2
102,19,"Male","Italy",2.96,3.6,3.81,2.71,4.34,2.95,5,4,5,5,4,4,4,4,3,3,3,3,4,4,2,3,4,2,3,4.75,3.8,3.4,2.8
103,37,"Male","Spain",3.34,3.58,2.85,3.22,3.24,1.89,3,2,2,2,4,4,3,5,4,5,4,4,4,4,4,3,4,3,3,2.25,4.0,4.2,3.4
104,22,"Male","Germany",2.84,2.9,4.65,2.45,2.43,3.72,3,4,3,4,2,3,1,1,3,1,1,2,1,2,1,1,1,1,1,3.5,2.0,1.4,1.0
105,31,"Female","Italy",2.78,3.43,3.56,3.39,3.64,0.95,1,1,1,1,3,4,3,3,3,4,2,3,3,3,3,2,3,2,2,1.0,3.2,3.0,2.4
106,28,"Male","Italy",2.81,3.56,2.82,2.75,2.66,1.46,1,2,2,2,1,2,1,1,2,2,2,2,2,3,3,2,3,3,3,1.75,1.4,2.2,2.8
107,28,"Female","France",2.49,4.06,3.81,3.54,3.27,1.81,2,3,5,3,2,3,3,3,4,4,3,2,3,3,3,3,3,3,2,3.25,3.0,3.0,2.8
108,20,"Male","Spain",3.67,2.4,3.52,2.96,3.71,1.34,3,3,4,3,4,3,3,2,3,4,3,3,4,3,1,1,1,2,2,3.25,3.0,3.4,1.4
109,35,"Female","Spain",3.43,2.93,2.3,3.02,3.56,2.92,3,3,3,5,3,4,4,3,4,5,5,5,5,5,2,3,3,2,3,3.5,3.6,5.0,2.6
110,38,"Male","Germany",3.61,2.62,2.55,2.72,3.06,2.96,4,4,5,4,3,4,4,4,4,4,3,3,2,4,3,3,3,4,5,4.25,3.8,3.2,3.6
111,18,"Female","France",2.38,2.57,2.49,3.62,2.35,3.17,3,3,2,2,3,3,2,4,4,3,4,3,3,3,4,3,4,3,4,2.5,3.2,3.2,3.6
112,23,"Female","Spain",3.13,4.12,2.73,3.12,3.89,3.08,3,3,3,2,4,3,4,4,3,2,2,2,3,3,2,2,3,3,3,2.75,3.6,2.4,2.6
113,39,"Male","Spain",2.95,3.03,3.85,2.62,3.9,3.86,2,2,3,3,2,3,2,3,2,2,3,2,3,3,3,3,4,2,4,2.5,2.4,2.6,3.2
114,30,"Female","France",3.46,3.32,3.54,3.18,3.95,2.25,3,3,1,2,2,3,3,2,1,1,3,2,1,3,4,3,4,4,4,2.25,2.2,2.0,3.8
115,22,"Male","Spain",2.87,3.39,3.23,3.37,2.64,2.32,3,3,3,3,5,4,4,4,5,4,3,4,5,3,3,4,5,5,4,3.0,4.4,3.8,4.2
116,24,"Male","Germany",3.81,3.74,2.69,3.63,4.72,2.11,4,4,4,4,4,4,5,4,4,3,4,4,3,4,2,1,1,2,1,4.0,4.2,3.6,1.4
117,32,"Female","Italy",3.8,4.41,3.66,1.89,2.39,2.9,2,3,3,3,2,2,1,1,2,2,2,1,1,3,3,4,3,2,2,2.75,1.6,1.8,2.8
118,33,"Female","Italy",3.35,3.16,2.69,3.25,3.63,3.31,5,5,5,4,3,3,3,4,4,5,5,5,5,4,4,3,4,4,4,4.75,3.4,4.8,3.8
119,31,"Male","France",2.33,3.04,4.0,2.26,3.65,2.53,3,2,2,2,1,1,1,1,1,1,1,1,2,2,3,4,4,4,3,2.25,1.0,1.4,3.6
120,42,"Male","Italy",2.91,3.7,4.01,3.09,3.85,2.06,4,4,4,4,3,4,2,3,3,2,2,3,3,2,2,2,4,2,3,4.0,3.0,2.4,2.6
121,29,"Female","France",2.51,4.1,2.94,3.41,3.34,2.23,2,3,3,3,2,3,2,3,3,4,4,3,3,4,2,2,2,3,2,2.75,2.6,3.6,2.2
122,25,"Female","Italy",3.49,3.73,2.9,2.41,3.84,2.95,3,4,4,4,3,2,2,3,2,3,3,3,4,3,2,3,2,3,2,3.75,2.4,3.2,2.4
123,29,"Non-binary","Spain",3.31,4.1,3.49,1.99,3.92,3.24,4,5,5,5,4,4,3,5,4,3,4,3,4,4,3,2,2,4,2,4.75,4.0,3.6,2.6
124,27,"Female","France",2.98,3.68,2.97,4.13,2.76,2.46,4,4,4,4,3,4,3,5,3,3,4,4,3,3,4,4,4,4,3,4.0,3.6,3.4,3.8
125,24,"Female","Spain",3.0,3.54,2.67,3.51,4.17,3.38,3,3,5,4,4,3,4,5,4,5,4,5,5,4,4,5,4,5,4,3.75,4.0,4.6,4.4
126,20,"Male","France",2.91,3.61,1.76,3.39,2.98,4.29,4,4,4,4,5,5,5,5,5,4,4,3,4,3,4,3,2,4,3,4.0,5.0,3.6,3.2
127,26,"Female","Spain",2.71,4.1,3.25,3.04,3.02,1.86,4,3,3,4,4,4,3,4,3,4,4,3,4,3,3,3,3,4,3,3.5,3.6,3.6,3.2
128,33,"Male","Spain",2.05,2.61,3.54,1.92,2.57,2.41,2,2,1,3,1,1,1,2,2,3,3,3,3,3,3,3,3,3,3,2.0,1.4,3.0,3.0
129,19,"Female","Spain",2.96,4.52,4.01,2.53,4.12,1.04,4,5,3,5,2,2,2,2,2,3,3,3,4,4,3,3,2,2,2,4.25,2.0,3.4,2.4
130,28,"Male","France",2.76,3.96,2.66,3.71,2.99,3.65,4,5,4,5,4,3,3,4,3,3,2,1,2,2,4,3,3,3,4,4.5,3.4,2.0,3.4
131,32,"Female","Spain",2.58,3.31,3.36,2.92,3.49,1.26,4,4,3,3,3,3,2,1,2,2,3,2,2,3,4,5,2,3,3,3.5,2.2,2.4,3.4
132,31,"Female","Germany",2.85,3.84,3.63,2.99,3.02,2.27,3,3,3,3,2,2,2,3,2,3,3,3,3,4,4,4,4,2,5,3.0,2.2,3.2,3.8
133,35,"Female","France",3.29,3.84,4.59,3.17,4.0,1.9,4,4,4,4,2,2,3,3,2,1,1,1,1,1,3,2,3,3,3,4.0,2.4,1.0,2.8
134,36,"Female","Spain",5.0,3.99,3.86,2.96,3.13,2.1,2,3,2,3,3,2,2,3,3,3,2,3,3,4,2,2,3,2,3,2.5,2.6,3.0,2.4
135,33,"Male","France",2.93,3.07,3.56,2.79,3.32,3.19,3,3,3,3,3,2,3,3,2,3,3,4,2,3,1,1,1,1,1,3.0,2.6,3.0,1.0
136,21,"Female","Spain",3.85,4.08,3.42,2.55,4.12,1.27,4,3,4,3,4,4,4,3,4,3,2,2,2,3,2,2,2,3,3,3.5,3.8,2.4,2.4
137,29,"Male","Germany",3.66,2.49,2.89,3.13,3.76,2.24,3,3,4,3,3,2,3,2,3,3,3,2,3,2,2,3,3,2,2,3.25,2.6,2.6,2.4
138,31,"Male","France",3.75,3.62,3.74,2.69,3.05,3.13,5,5,5,5,3,3,3,3,2,2,2,2,2,1,3,2,2,3,3,5.0,2.8,1.8,2.6
139,24,"Male","Italy",3.04,3.4,3.26,1.9,3.01,3.6,4,3,3,3,3,2,1,3,2,2,2,2,2,3,1,1,2,1,3,3.25,2.2,2.2,1.6
140,19,"Male","Spain",3.23,3.24,3.1,3.25,2.66,2.7,4,3,2,3,3,3,3,3,3,2,2,3,3,3,4,2,3,3,3,3.0,3.0,2.6,3.0
141,24,"Male","France",2.22,3.09,3.57,3.93,3.6,2.1,3,4,3,4,5,5,5,5,5,4,3,3,3,3,3,3,3,2,3,3.5,5.0,3.2,2.8
142,28,"Female","France",2.32,3.27,3.32,3.35,3.44,1.68,3,3,2,2,3,3,3,3,2,2,2,2,3,3,2,1,2,3,3,2.5,2.8,2.4,2.2
143,28,"Female","Germany",2.65,3.48,3.5,3.58,2.75,3.3,3,2,3,3,2,2,3,2,2,3,2,3,2,3,3,4,3,4,4,2.75,2.2,2.6,3.6
144,23,"Female","France",2.99,1.87,2.45,3.26,2.5,3.54,4,5,4,4,5,3,5,4,5,4,3,3,4,4,2,3,2,3,3,4.25,4.4,3.6,2.6
145,36,"Male","France",3.3,3.38,2.02,3.39,2.7,1.75,3,3,2,4,4,4,4,5,4,5,5,5,5,4,4,4,4,3,3,3.0,4.2,4.8,3.6
146,40,"Male","Spain",3.49,2.66,3.13,2.8,3.47,1.62,1,2,2,2,3,2,2,3,3,3,3,3,3,2,3,2,4,4,3,1.75,2.6,2.8,3.2
147,23,"Male","Spain",3.27,3.26,2.38,2.38,2.89,2.71,5,4,4,3,2,2,2,2,2,3,4,3,4,3,3,4,4,3,3,4.0,2.0,3.4,3.4
148,40,"Female","France",3.2,3.14,3.56,2.89,2.72,1.74,3,2,2,3,4,4,4,5,4,3,2,3,3,3,4,3,4,4,3,2.5,4.2,2.8,3.6
149,19,"Female","France",3.03,3.62,3.5,4.1,2.92,2.1,4,5,5,5,3,4,3,3,3,3,3,3,2,2,4,3,3,3,4,4.75,3.2,2.6,3.4
150,40,"Male","Spain",3.16,3.65,3.37,2.57,2.4,1.51,2,2,2,2,3,3,2,3,3,3,1,2,2,1,3,4,3,3,2,2.0,2.8,1.8,3.0
151,42,"Female","Germany",2.89,2.83,2.11,3.12,2.5,3.53,2,3,3,3,2,4,3,3,4,3,3,1,2,1,5,4,4,5,4,2.75,3.2,2.0,4.4
152,18,"Male","Germany",3.55,3.79,2.91,2.79,2.28,3.19,5,5,5,4,5,3,4,5,5,3,3,2,3,3,3,2,4,4,3,4.75,4.4,2.8,3.2
153,34,"Male","Spain",2.9,3.61,3.82,2.37,3.89,2.05,2,2,3,4,3,3,4,4,4,3,3,2,3,2,2,1,3,1,2,2.75,3.6,2.6,1.8
154,43,"Male","France",2.29,2.56,3.41,3.99,3.4,2.1,1,2,3,2,3,2,4,3,3,5,3,4,3,4,2,3,3,4,3,2.0,3.0,3.8,3.0
155,39,"Male","Spain",3.18,2.09,1.77,3.55,2.91,4.02,4,3,4,3,3,3,3,4,5,2,2,3,2,3,3,5,5,4,4,3.5,3.6,2.4,4.2
156,44,"Female","Italy",2.54,3.47,3.33,3.7,3.27,1.76,2,1,1,2,4,3,4,5,4,3,3,3,2,2,3,3,2,5,3,1.5,4.0,2.6,3.2
157,30,"Female","Spain",3.94,3.58,3.31,3.55,2.89,3.55,4,4,5,3,3,4,3,3,3,1,2,2,2,2,4,4,4,3,5,4.0,3.2,1.8,4.0
158,21,"Male","Italy",4.89,3.79,3.74,2.75,4.77,2.8,4,5,5,4,3,4,4,4,3,3,3,2,3,3,2,3,2,2,3,4.5,3.6,2.8,2.4
159,37,"Female","Italy",3.68,2.59,3.88,2.73,3.43,2.25,3,3,4,4,2,2,2,2,1,3,3,3,4,3,3,3,3,3,3,3.5,1.8,3.2,3.0
160,31,"Female","Italy",2.43,3.74,2.95,3.36,2.98,2.33,3,3,3,3,2,2,2,2,2,2,3,4,3,3,4,4,4,4,3,3.0,2.0,3.0,3.8
161,31,"Female","Spain",4.36,4.8,3.79,2.68,3.41,2.3,3,4,4,4,3,3,3,3,3,3,3,2,2,2,2,3,3,3,3,3.75,3.0,2.4,2.8
162,28,"Female","Germany",3.86,3.37,3.07,3.62,3.1,2.64,3,3,4,4,4,3,4,5,5,4,5,4,4,4,3,4,4,3,3,3.5,4.2,4.2,3.4
163,30,"Male","Spain",3.18,2.45,3.43,4.02,3.69,2.97,3,4,4,3,2,2,2,2,2,3,4,3,3,3,4,4,4,4,3,3.5,2.0,3.2,3.8
164,22,"Female","Spain",4.08,3.08,3.37,2.46,3.3,2.13,4,5,5,4,3,4,3,4,3,2,2,2,2,2,1,2,1,2,1,4.5,3.4,2.0,1.4
165,34,"Male","France",3.66,3.51,2.56,2.31,2.52,2.43,3,3,3,3,2,3,2,3,2,4,3,3,3,4,2,2,3,2,2,3.0,2.4,3.4,2.2
166,20,"Female","France",3.49,4.76,4.46,1.55,4.31,3.41,4,5,4,4,3,3,3,3,3,1,1,1,1,2,3,3,2,3,2,4.25,3.0,1.2,2.6
167,34,"Male","Germany",3.76,2.53,2.92,3.6,3.66,1.89,2,3,2,3,4,3,3,3,4,4,3,3,4,4,3,4,3,3,4,2.5,3.4,3.6,3.4
168,37,"Female","Germany",2.41,3.79,2.12,3.43,3.76,3.17,3,2,2,3,3,3,2,4,2,4,3,4,3,3,4,4,4,5,4,2.5,2.8,3.4,4.2
169,29,"Male","Spain",3.21,3.1,3.72,3.33,4.09,1.99,2,2,2,3,2,4,3,3,3,2,2,2,2,2,1,3,2,2,1,2.25,3.0,2.0,1.8
170,29,"Male","Germany",3.72,4.1,3.96,2.69,3.54,2.31,5,3,2,3,2,3,2,2,2,3,2,3,1,2,1,1,1,1,2,3.25,2.2,2.2,1.2
171,26,"Female","Spain",3.06,2.76,2.53,3.27,3.32,1.07,3,4,4,3,5,4,3,5,4,4,4,4,4,3,4,4,4,3,3,3.5,4.2,3.8,3.6
172,43,"Female","France",4.06,3.56,3.97,3.33,3.39,1.9,3,2,2,2,4,3,3,3,3,3,3,3,4,3,5,4,4,4,4,2.25,3.2,3.2,4.2
173,34,"Male","Spain",3.56,3.29,4.05,2.97,2.72,3.39,5,4,4,4,3,3,3,2,3,4,4,3,3,3,3,3,4,2,2,4.25,2.8,3.4,2.8
174,27,"Female","Germany",3.3,4.49,3.49,3.18,3.72,3.91,4,3,3,5,3,4,4,5,3,3,4,3,3,3,3,3,4,4,3,3.75,3.8,3.2,3.4
175,23,"Female","Spain",2.58,3.74,2.53,3.08,3.77,3.06,3,4,4,3,3,2,3,3,3,3,3,2,3,3,4,4,4,4,4,3.5,2.8,2.8,4.0
176,24,"Male","Spain",3.41,3.24,3.52,2.79,3.35,3.32,3,4,3,3,1,2,3,2,2,4,3,3,3,3,2,2,2,2,3,3.25,2.0,3.2,2.2
177,28,"Female","France",3.59,3.11,3.24,2.92,2.41,1.72,4,3,4,3,3,4,4,3,4,2,3,3,3,3,2,4,2,3,2,3.5,3.6,2.8,2.6
178,41,"Female","Germany",2.65,4.38,3.75,2.22,2.36,1.5,1,1,1,1,1,1,1,1,1,1,1,2,1,1,2,2,2,2,1,1.0,1.0,1.2,1.8
179,34,"Female","Germany",3.13,4.43,3.47,3.69,3.58,3.27,3,2,4,3,3,3,2,2,3,1,1,1,2,2,5,3,4,4,2,3.0,2.6,1.4,3.6
180,24,"Male","Italy",3.48,2.63,3.63,2.65,3.83,1.8,3,4,4,4,3,4,2,3,4,4,4,2,2,4,1,2,2,1,4,3.75,3.2,3.2,2.0
181,37,"Male","Germany",2.71,3.46,3.49,2.82,3.46,2.87,2,3,3,3,4,3,3,2,2,3,3,2,4,2,3,3,3,3,2,2.75,2.8,2.8,2.8
182,27,"Female","Germany",3.04,3.1,4.09,3.5,2.86,2.0,1,1,1,1,1,1,2,1,1,2,3,2,3,3,2,3,2,2,3,1.0,1.2,2.6,2.4
183,37,"Female","France",3.54,3.09,2.54,3.88,2.31,2.11,3,3,2,2,3,4,2,3,3,2,2,2,3,3,4,4,4,4,3,2.5,3.0,2.4,3.8
184,24,"Female","Spain",3.76,3.4,3.19,3.28,3.74,3.21,5,5,5,5,4,3,3,2,4,3,3,3,2,3,3,3,3,3,2,5.0,3.2,2.8,2.8
185,31,"Female","Italy",2.7,3.88,3.44,2.41,3.12,2.03,3,4,4,4,4,3,4,3,4,3,3,3,4,3,3,3,3,3,3,3.75,3.6,3.2,3.0
186,40,"Female","Italy",4.03,4.58,4.1,1.95,3.84,4.38,5,5,4,5,3,3,3,4,4,2,2,2,2,3,3,4,3,3,3,4.75,3.4,2.2,3.2
187,25,"Female","France",3.71,3.98,3.92,2.99,3.43,3.78,5,5,5,5,4,4,4,3,3,3,3,3,2,3,2,2,2,2,3,5.0,3.6,2.8,2.2
188,33,"Female","Spain",2.83,2.33,3.13,3.41,3.48,2.93,4,3,4,4,4,3,4,3,3,2,2,4,2,3,5,4,4,4,4,3.75,3.4,2.6,4.2
189,46,"Female","Italy",2.4,3.8,4.52,2.85,3.21,1.55,2,1,1,1,1,1,1,1,1,2,1,2,2,3,1,1,1,1,1,1.25,1.0,2.0,1.0
190,22,"Male","Spain",3.39,4.63,3.08,2.94,2.93,2.32,3,2,2,3,2,3,4,2,2,3,3,4,3,4,2,4,1,3,1,2.5,2.6,3.4,2.2
191,21,"Male","Germany",2.87,3.34,4.02,3.74,3.57,3.25,3,4,5,5,4,3,3,4,3,4,4,3,3,3,4,4,3,4,3,4.25,3.4,3.4,3.6
192,32,"Female","Spain",2.97,4.97,3.47,2.63,2.31,2.64,3,3,3,4,2,3,3,3,3,3,2,3,3,2,3,3,3,4,1,3.25,2.8,2.6,2.8
193,26,"Male","Spain",4.04,4.06,4.93,1.44,4.43,4.47,5,5,5,5,2,3,2,2,3,1,1,2,1,1,2,2,2,2,2,5.0,2.4,1.2,2.0
194,20,"Male","Germany",3.24,3.89,2.5,3.91,3.77,2.12,3,5,3,4,3,4,4,4,4,4,3,3,3,4,4,4,4,3,4,3.75,3.8,3.4,3.8
195,29,"Female","Spain",3.18,3.88,2.97,2.85,3.02,2.29,5,4,4,5,4,3,4,5,3,4,3,3,3,4,5,5,4,5,4,4.5,3.8,3.4,4.6
196,34,"Male","Spain",2.09,3.8,4.03,2.43,3.36,2.2,2,3,2,3,1,1,2,1,2,2,1,2,2,2,2,2,2,1,1,2.5,1.4,1.8,1.6
197,25,"Male","France",3.04,3.58,2.98,2.52,3.86,1.98,5,4,5,5,3,3,3,3,3,3,2,3,2,4,1,2,2,2,2,4.75,3.0,2.8,1.8
198,26,"Female","Germany",3.16,4.7,3.67,2.37,4.1,3.16,4,4,5,5,2,3,3,3,3,2,2,2,2,2,3,2,2,1,1,4.5,2.8,2.0,1.8
199,37,"Female","Spain",3.58,3.97,4.15,2.36,3.37,1.74,2,3,2,2,3,2,2,2,2,2,2,2,1,3,3,2,2,2,2,2.25,2.2,2.0,2.2
200,29,"Male","Spain",3.1,2.62,2.91,3.84,3.37,2.7,3,4,3,3,3,3,3,3,4,2,3,3,3,3,3,3,3,3,3,3.25,3.2,2.8,3.0
201,37,"Male","Italy",2.39,2.39,3.91,2.88,2.74,3.12,2,1,1,2,1,2,2,2,3,2,1,2,2,2,2,3,4,2,3,1.5,2.0,1.8,2.8
202,28,"Male","Germany",3.04,2.5,3.84,2.63,4.04,0.78,2,2,2,3,1,2,2,2,1,3,2,3,3,3,3,4,2,2,3,2.25,1.6,2.8,2.8
203,42,"Female","France",3.23,4.36,3.71,3.34,3.82,4.23,4,3,4,4,3,2,3,2,2,4,3,3,3,3,4,4,4,5,4,3.75,2.4,3.2,4.2
204,32,"Female","Spain",3.57,3.75,3.27,4.08,2.88,2.3,4,3,2,3,4,3,4,4,3,2,2,3,2,2,4,3,4,4,3,3.0,3.6,2.2,3.6
205,22,"Male","Spain",3.2,3.41,3.53,2.6,3.49,2.99,3,4,4,4,4,3,4,5,3,3,3,3,3,3,3,4,5,5,4,3.75,3.8,3.0,4.2
206,38,"Female","Spain",3.1,2.55,3.03,2.67,2.17,1.46,2,3,4,3,4,3,4,2,3,4,4,4,4,3,4,3,2,2,3,3.0,3.2,3.8,2.8
207,29,"Male","Spain",3.28,3.7,3.7,3.05,2.24,2.41,1,1,1,2,2,2,2,2,2,3,3,2,3,2,2,2,2,2,2,1.25,2.0,2.6,2.0
208,22,"Male","Italy",2.38,4.5,2.96,3.38,2.8,2.99,4,4,4,5,4,4,4,3,3,3,4,4,1,3,3,4,4,4,5,4.25,3.6,3.0,4.0
209,22,"Non-binary","Spain",3.25,3.03,3.51,2.95,3.04,2.5,3,4,4,3,2,2,2,2,2,2,2,2,2,2,2,1,1,1,2,3.5,2.0,2.0,1.4
210,33,"Male","France",2.57,3.5,2.6,3.44,4.69,1.36,4,4,3,3,5,4,5,5,5,3,4,2,3,3,3,3,3,4,3,3.5,4.8,3.0,3.2
211,20,"Male","Italy",4.01,3.91,3.45,1.62,2.69,3.17,4,4,4,5,2,3,3,3,3,2,4,3,3,3,2,2,3,3,3,4.25,2.8,3.0,2.6
212,25,"Male","France",3.97,3.01,2.84,2.87,2.77,3.91,4,4,4,5,3,4,3,3,3,3,3,3,3,3,3,2,2,3,4,4.25,3.2,3.0,2.8
213,22,"Female","Spain",2.46,3.4,2.7,3.01,2.65,2.24,3,3,2,2,4,3,3,3,3,2,3,3,2,3,2,3,3,3,3,2.5,3.2,2.6,2.8
214,28,"Female","Germany",3.51,3.39,3.19,3.42,3.27,2.63,1,3,2,1,3,3,3,1,3,1,2,2,2,3,2,3,1,1,1,1.75,2.6,2.0,1.6
215,28,"Non-binary","Italy",3.03,3.66,3.75,2.68,3.36,3.37,3,3,3,3,4,4,3,4,3,3,4,3,3,3,3,3,3,2,3,3.0,3.6,3.2,2.8
216,29,"Male","Italy",2.73,2.84,3.54,3.2,3.46,2.1,4,4,3,2,2,3,2,4,2,3,4,3,3,4,4,5,4,4,3,3.25,2.6,3.4,4.0
217,25,"Male","Spain",3.37,3.44,3.72,3.26,3.91,3.46,3,3,4,3,2,3,3,3,3,4,3,3,3,3,2,3,4,3,2,3.25,2.8,3.2,2.8
218,19,"Female","Spain",3.14,4.32,3.66,3.28,3.54,2.87,4,4,5,4,3,4,3,3,4,4,3,3,4,3,3,3,3,3,4,4.25,3.4,3.4,3.2
219,31,"Male","Germany",3.35,2.98,3.59,4.39,3.14,2.43,3,3,3,4,3,4,4,3,3,5,4,4,4,4,4,2,3,3,4,3.25,3.4,4.2,3.2
220,27,"Female","France",3.24,3.24,2.95,4.08,2.9,2.1,1,2,3,3,3,3,4,2,3,3,3,3,3,3,3,3,3,4,2,2.25,3.0,3.0,3.0
221,32,"Female","Spain",2.92,2.52,2.57,2.51,3.48,2.77,4,4,4,4,3,4,3,2,3,4,4,4,4,5,3,3,4,3,3,4.0,3.0,4.2,3.2
222,21,"Male","France",4.88,3.35,2.45,3.4,3.15,1.04,4,4,4,4,4,3,2,3,3,4,3,3,3,2,5,3,3,3,4,4.0,3.0,3.0,3.6
223,19,"Female","Italy",3.98,3.41,2.96,3.0,3.86,2.73,4,4,3,4,4,4,3,3,3,3,4,4,4,3,2,2,2,3,2,3.75,3.4,3.6,2.2
224,24,"Male","Germany",3.06,3.09,3.08,2.32,3.46,1.51,3,3,4,4,3,3,2,3,2,3,4,4,4,3,2,1,1,2,1,3.5,2.6,3.6,1.4
225,28,"Male","Spain",2.13,3.03,3.55,3.2,3.44,3.98,4,5,3,4,2,3,3,3,3,2,3,3,3,2,3,3,3,2,3,4.0,2.8,2.6,2.8
226,27,"Female","Germany",3.16,4.19,4.03,3.07,3.93,3.76,4,4,4,4,2,3,3,2,3,4,3,3,4,3,4,2,3,3,2,4.0,2.6,3.4,2.8
227,36,"Female","Spain",3.65,3.28,2.51,3.51,3.65,3.2,3,2,4,3,3,4,3,4,4,3,4,5,4,3,4,4,4,4,3,3.0,3.6,3.8,3.8
228,27,"Female","France",3.85,3.01,2.68,3.48,3.32,2.42,4,4,3,4,4,4,5,4,4,3,2,3,3,3,3,2,3,3,4,3.75,4.2,2.8,3.0
229,30,"Female","Italy",2.07,3.61,2.2,3.09,3.8,1.81,3,3,3,4,2,3,2,3,2,3,3,4,3,2,3,2,2,2,3,3.25,2.4,3.0,2.4
230,31,"Non-binary","Spain",4.29,2.78,3.01,2.89,4.49,3.01,5,5,5,5,4,4,3,3,4,4,5,4,3,4,3,4,3,3,3,5.0,3.6,4.0,3.2
231,19,"Non-binary","Spain",2.9,3.09,4.06,2.55,3.69,4.36,4,5,5,4,3,3,4,3,4,4,3,3,4,2,4,5,3,4,4,4.5,3.4,3.2,4.0
232,29,"Female","France",2.31,3.31,2.24,3.0,3.53,2.17,4,3,3,3,4,3,4,3,3,3,3,2,3,3,4,4,4,4,4,3.25,3.4,2.8,4.0
233,26,"Male","Germany",3.17,3.21,2.81,2.95,3.42,1.23,5,4,4,4,5,4,4,4,4,3,3,3,3,3,4,3,2,4,3,4.25,4.2,3.0,3.2
234,28,"Female","France",3.79,1.99,2.43,3.5,3.21,2.88,3,2,3,2,5,5,5,5,5,4,4,4,4,4,4,4,4,3,5,2.5,5.0,4.0,4.0
235,21,"Female","Germany",3.44,3.68,3.19,2.8,3.2,3.47,4,3,3,3,4,3,4,2,3,2,3,3,2,3,2,2,2,1,1,3.25,3.2,2.6,1.6
236,35,"Male","Germany",3.89,3.03,3.21,2.94,4.32,3.81,3,4,4,4,4,4,4,4,4,4,4,4,3,5,3,4,3,3,3,3.75,4.0,4.0,3.2
237,41,"Male","France",3.02,3.95,4.17,2.56,3.23,2.71,1,3,3,3,2,2,1,1,1,3,2,1,2,2,1,1,2,1,1,2.5,1.4,2.0,1.2
238,19,"Male","Italy",3.0,3.23,3.71,2.96,3.42,3.15,3,3,2,3,3,1,1,1,2,2,2,2,3,2,3,4,3,4,3,2.75,1.6,2.2,3.4
239,31,"Male","Spain",2.52,2.75,4.29,2.66,2.74,1.58,1,1,1,1,1,2,1,1,1,3,3,2,3,3,2,4,3,3,5,1.0,1.2,2.8,3.4
240,34,"Female","Spain",4.06,3.75,3.77,2.71,3.32,0.68,2,4,2,2,4,3,4,3,2,3,2,2,3,3,4,3,3,3,5,2.5,3.2,2.6,3.6
241,25,"Male","Germany",3.1,2.56,2.99,3.25,4.3,2.66,3,3,4,3,3,4,4,4,3,5,4,4,3,4,3,4,5,3,3,3.25,3.6,4.0,3.6
242,35,"Female","Italy",3.25,2.11,2.85,4.86,3.74,2.92,4,2,3,3,4,5,4,5,5,2,3,2,2,3,4,3,4,3,3,3.0,4.6,2.4,3.4
243,32,"Female","Spain",2.71,3.8,2.94,2.51,2.98,1.94,3,1,3,3,2,2,2,2,2,3,2,2,3,3,2,2,2,2,2,2.5,2.0,2.6,2.0
244,40,"Female","France",3.25,2.39,2.33,3.48,2.94,2.22,4,4,4,4,3,3,3,3,4,4,5,4,3,4,5,5,5,5,4,4.0,3.2,4.0,4.8
245,45,"Male","Italy",3.44,2.7,3.54,2.18,4.26,1.57,3,3,2,3,1,1,2,2,3,3,3,4,4,4,2,1,3,2,2,2.75,1.8,3.6,2.0
246,19,"Male","Germany",2.17,2.64,3.24,4.08,3.26,2.25,4,4,4,4,4,5,4,3,4,3,3,3,4,4,4,4,4,4,2,4.0,4.0,3.4,3.6
247,28,"Female","Italy",3.54,3.54,2.75,2.94,2.62,3.81,3,3,3,3,4,4,3,4,5,3,2,3,4,3,2,2,2,2,3,3.0,4.0,3.0,2.2
248,30,"Female","France",2.43,3.66,2.65,3.58,2.37,3.84,3,3,2,3,3,3,4,3,3,4,4,3,4,3,4,3,4,4,4,2.75,3.2,3.6,3.8
249,22,"Female","France",3.38,3.23,4.03,3.06,4.09,2.92,5,4,4,4,4,3,4,3,3,2,3,2,2,2,4,2,3,3,3,4.25,3.4,2.2,3.0
250,26,"Female","France",2.75,3.49,2.7,3.13,3.02,2.12,2,2,3,3,2,3,2,2,1,2,3,2,3,3,1,2,2,1,1,2.5,2.0,2.6,1.4
251,46,"Male","Italy",2.76,2.63,2.26,2.05,2.45,1.29,2,2,1,1,3,2,2,2,3,3,4,3,4,3,2,2,1,2,2,1.5,2.4,3.4,1.8
252,19,"Female","Germany",3.58,2.58,2.27,4.44,2.9,2.76,3,3,3,3,5,3,4,5,4,4,4,4,3,3,3,4,4,3,2,3.0,4.2,3.6,3.2
253,28,"Male","France",3.39,3.8,3.81,1.84,3.24,3.81,4,4,3,3,4,3,4,3,4,1,2,1,1,2,2,3,3,2,2,3.5,3.6,1.4,2.4
254,37,"Male","Spain",2.23,4.76,2.73,2.52,2.54,0.71,1,1,2,2,2,2,2,1,2,2,3,1,2,2,2,2,2,3,2,1.5,1.8,2.0,2.2
255,26,"Female","Spain",2.3,4.22,4.83,2.45,2.49,2.79,3,2,2,3,2,3,2,1,2,3,1,2,2,2,1,2,2,2,3,2.5,2.0,2.0,2.0
256,29,"Male","Italy",1.86,3.12,2.94,2.89,3.13,2.06,1,1,1,2,3,2,3,3,2,2,1,2,2,3,4,4,4,3,2,1.25,2.6,2.0,3.4
257,44,"Male","Germany",3.44,3.62,3.22,2.24,3.73,2.75,3,5,2,3,3,2,2,2,2,3,1,3,2,3,2,2,3,1,2,3.25,2.2,2.4,2.0
258,29,"Male","Spain",3.21,3.93,3.91,1.88,2.51,3.85,4,4,5,4,3,2,3,2,2,1,2,2,1,1,4,3,4,2,1,4.25,2.4,1.4,2.8
259,22,"Male","Spain",2.75,2.72,3.5,3.18,3.83,4.45,4,5,4,4,3,3,3,4,3,3,3,3,4,3,3,2,3,4,2,4.25,3.2,3.2,2.8
260,20,"Female","France",3.44,3.65,4.04,3.09,3.45,2.35,4,3,3,3,2,3,3,2,2,4,3,4,4,4,5,4,5,5,4,3.25,2.4,3.8,4.6
261,41,"Male","Spain",4.09,3.56,3.25,2.28,3.87,3.08,3,3,5,4,2,3,3,3,3,2,1,2,2,2,2,3,1,1,3,3.75,2.8,1.8,2.0
262,25,"Female","Germany",3.94,3.54,4.11,1.65,3.43,2.97,5,4,4,4,3,4,2,3,3,3,2,2,3,3,2,1,2,2,1,4.25,3.0,2.6,1.6
263,29,"Female","Spain",3.18,3.06,4.53,2.73,3.11,2.71,5,4,5,4,3,2,2,2,3,1,2,2,1,2,2,3,2,2,1,4.5,2.4,1.6,2.0
264,21,"Male","Spain",3.22,2.21,2.51,3.8,2.83,2.27,2,2,3,2,3,4,4,4,3,5,3,3,4,4,3,3,4,3,4,2.25,3.6,3.8,3.4
265,28,"Male","Germany",2.7,4.13,4.24,2.91,3.05,2.54,3,3,3,3,3,3,2,3,2,3,3,3,4,3,1,2,1,1,1,3.0,2.6,3.2,1.2
266,40,"Female","Spain",3.06,3.01,2.59,2.8,2.82,3.53,5,5,4,5,2,2,2,3,4,3,3,3,2,3,3,3,4,3,5,4.75,2.6,2.8,3.6
267,29,"Female","Spain",2.58,2.5,3.09,3.48,4.11,1.79,2,2,3,3,3,3,4,3,3,3,3,4,4,3,3,3,3,2,2,2.5,3.2,3.4,2.6
268,44,"Female","Spain",2.8,3.64,3.51,2.93,3.68,1.13,1,1,1,1,1,1,1,1,1,2,1,2,1,2,3,2,2,2,3,1.0,1.0,1.6,2.4
269,25,"Female","Spain",3.67,3.74,3.25,2.82,2.59,2.12,3,3,4,3,3,3,2,3,4,4,3,4,4,4,3,2,3,2,3,3.25,3.0,3.8,2.6
270,29,"Male","Spain",2.72,2.98,2.5,3.5,3.84,0.82,1,1,1,1,1,2,2,2,1,1,1,1,1,1,3,3,3,3,2,1.0,1.6,1.0,2.8
271,37,"Male","Spain",2.66,3.51,2.71,2.98,2.76,2.52,3,3,2,3,3,3,3,3,3,3,3,3,3,3,3,3,2,3,3,2.75,3.0,3.0,2.8
272,28,"Female","Spain",3.56,3.13,3.79,2.79,2.99,3.25,3,4,4,4,2,2,2,2,3,3,2,2,2,2,4,5,4,5,4,3.75,2.2,2.2,4.4
273,25,"Male","Spain",2.45,3.48,3.78,3.02,4.51,2.93,2,3,3,3,2,3,3,3,3,3,3,2,2,3,3,2,1,2,2,2.75,2.8,2.6,2.0
274,37,"Female","France",4.06,3.4,3.16,3.26,2.96,1.78,3,3,3,3,4,4,4,4,2,3,5,3,4,4,3,3,2,3,3,3.0,3.6,3.8,2.8
275,27,"Female","Italy",3.9,3.79,3.58,3.26,4.48,2.88,5,4,4,5,3,3,3,3,3,4,4,4,3,4,2,1,3,3,3,4.5,3.0,3.8,2.4
276,30,"Female","France",3.3,3.44,4.15,3.36,3.2,2.94,2,2,1,1,2,2,1,1,1,2,1,2,1,2,2,2,2,2,1,1.5,1.4,1.6,1.8
277,44,"Male","Spain",3.2,3.52,3.56,2.04,2.4,1.51,1,1,2,2,3,2,2,1,3,4,4,4,3,4,2,3,3,2,3,1.5,2.2,3.8,2.6
278,23,"Male","France",2.67,2.77,2.71,3.58,3.03,2.45,3,2,4,3,5,4,3,3,4,3,3,3,2,3,5,4,4,4,4,3.0,3.8,2.8,4.2
279,25,"Male","Germany",3.32,2.68,2.83,3.42,3.6,2.29,3,3,3,3,1,2,1,1,2,4,4,4,3,4,2,3,3,3,2,3.0,1.4,3.8,2.6
280,19,"Male","Germany",2.77,3.45,4.53,2.59,2.89,3.29,3,4,3,3,4,3,4,3,3,2,3,2,3,4,4,4,4,4,4,3.25,3.4,2.8,4.0
281,27,"Female","Spain",3.1,3.54,3.22,3.12,2.43,2.79,2,1,1,3,3,4,3,3,4,2,4,3,2,2,3,4,4,4,2,1.75,3.4,2.6,3.4
282,23,"Male","Spain",2.62,3.25,3.12,2.76,3.06,3.38,4,4,5,2,4,3,4,3,3,3,2,2,3,2,3,2,2,3,3,3.75,3.4,2.4,2.6
283,33,"Male","Spain",3.24,3.93,3.41,3.03,3.04,2.42,3,3,3,2,3,3,3,2,4,3,2,3,3,3,3,2,3,3,3,2.75,3.0,2.8,2.8
284,23,"Male","Spain",3.54,3.66,3.89,3.04,3.77,2.43,4,3,5,5,3,2,3,1,2,3,3,2,2,2,2,3,2,2,2,4.25,2.2,2.4,2.2
285,32,"Male","France",3.14,3.54,3.95,2.33,2.96,3.88,5,3,3,3,2,3,3,3,3,2,1,2,2,1,3,3,3,3,2,3.5,2.8,1.6,2.8
286,25,"Female","France",3.31,3.76,2.91,3.14,3.26,3.35,4,5,4,4,3,3,3,3,3,3,3,3,4,3,3,2,2,2,2,4.25,3.0,3.2,2.2
287,26,"Male","Spain",1.87,3.14,3.04,3.13,3.84,1.47,2,2,1,2,3,3,3,3,3,3,3,2,2,3,2,2,2,2,3,1.75,3.0,2.6,2.2
288,26,"Non-binary","France",2.47,2.83,1.59,3.33,2.78,3.58,3,2,2,4,3,3,3,3,4,3,4,3,4,3,2,3,3,3,4,2.75,3.2,3.4,3.0
289,33,"Male","France",2.89,4.03,3.96,2.73,3.11,1.88,2,3,4,3,2,2,1,1,3,2,3,1,2,2,4,4,4,2,3,3.0,1.8,2.0,3.4
290,28,"Female","Spain",3.82,3.55,2.89,2.18,3.11,3.63,4,3,4,3,2,3,2,2,2,2,2,2,2,2,4,3,2,3,2,3.5,2.2,2.0,2.8
291,27,"Male","Germany",3.65,4.8,3.78,2.13,2.8,4.11,4,5,5,5,4,4,4,3,3,3,1,2,3,2,4,2,4,3,3,4.75,3.6,2.2,3.2
292,37,"Male","Spain",3.53,2.38,3.35,3.37,3.57,1.58,2,2,2,3,2,2,2,2,2,3,3,3,3,3,3,3,4,3,3,2.25,2.0,3.0,3.2
293,30,"Female","Germany",3.07,3.82,3.49,2.6,4.38,3.59,4,5,4,5,4,4,5,5,5,3,4,3,3,3,4,3,3,3,3,4.5,4.6,3.2,3.2
294,24,"Female","Spain",2.99,3.94,2.03,4.19,4.09,3.83,4,5,5,5,5,5,5,5,5,5,5,5,5,5,5,5,5,5,4,4.75,5.0,5.0,4.8
295,39,"Female","Germany",3.22,3.84,3.73,2.57,3.66,4.54,3,4,5,4,4,4,3,5,4,2,2,2,2,1,2,1,2,3,1,4.0,4.0,1.8,1.8
296,26,"Male","Germany",2.71,2.99,3.79,3.41,2.81,1.54,2,2,2,2,3,4,4,3,3,3,2,3,3,3,2,3,2,2,3,2.0,3.4,2.8,2.4
297,19,"Male","Germany",2.76,2.97,3.55,2.39,3.4,2.8,2,2,2,3,1,2,2,1,2,2,2,2,2,3,2,2,2,2,2,2.25,1.6,2.2,2.0
298,29,"Female","Germany",3.65,3.49,3.91,2.67,3.29,3.11,5,4,5,4,4,4,4,5,3,4,4,3,4,3,2,2,2,2,2,4.5,4.0,3.6,2.0
299,22,"Male","Italy",2.61,3.95,2.98,3.24,3.17,1.72,4,4,3,4,4,3,3,3,3,3,4,4,4,3,3,2,4,3,3,3.75,3.2,3.6,3.0
300,24,"Female","Italy",2.57,3.07,3.92,3.17,2.61,2.05,3,3,4,2,1,2,2,1,1,1,2,2,2,2,3,3,3,3,2,3.0,1.4,1.8,2.8
301,34,"Female","Italy",3.38,3.43,5.0,2.62,3.23,2.97,4,3,4,4,3,3,4,5,3,2,2,3,3,2,2,3,2,3,2,3.75,3.6,2.4,2.4
302,22,"Female","Spain",4.05,2.49,3.11,4.22,3.35,1.83,4,4,4,4,4,4,4,5,5,3,2,3,3,3,5,4,4,5,5,4.0,4.4,2.8,4.6
303,36,"Female","France",2.16,3.16,3.97,3.29,2.64,2.14,2,2,2,2,2,2,3,2,3,2,3,3,2,3,3,3,3,4,3,2.0,2.4,2.6,3.2
304,41,"Female","France",2.79,3.12,3.38,3.9,3.84,3.17,3,3,3,3,2,2,2,2,2,2,1,1,1,2,3,4,2,3,3,3.0,2.0,1.4,3.0
305,31,"Male","Germany",3.47,2.63,2.34,3.51,2.46,2.21,2,3,3,2,3,2,3,4,3,4,3,4,4,4,3,3,3,3,3,2.5,3.0,3.8,3.0
306,33,"Male","France",3.06,3.57,2.7,2.52,3.18,2.01,4,3,3,3,2,1,1,1,3,2,3,2,3,2,3,1,1,2,2,3.25,1.6,2.4,1.8
307,33,"Female","France",3.5,4.16,3.87,2.85,3.0,2.85,4,5,4,4,4,4,3,4,4,3,3,2,2,2,1,2,3,3,3,4.25,3.8,2.4,2.4
308,48,"Female","Italy",2.56,3.13,3.4,3.37,1.94,1.95,2,2,3,2,2,1,1,2,1,3,2,3,2,2,3,2,3,2,2,2.25,1.4,2.4,2.4
309,26,"Male","Spain",2.73,4.07,3.51,2.07,4.62,3.32,5,5,5,5,3,3,3,4,3,3,3,3,3,3,4,4,4,4,4,5.0,3.2,3.0,4.0
310,23,"Male","Spain",3.18,3.63,3.59,2.6,2.9,3.86,4,4,5,5,2,3,2,3,3,3,3,3,4,4,3,3,4,3,3,4.5,2.6,3.4,3.2
311,29,"Female","France",4.47,4.23,4.07,2.91,3.05,3.03,4,4,1,4,1,1,2,3,3,4,4,5,4,4,2,4,4,4,3,3.25,2.0,4.2,3.4
312,30,"Female","France",3.97,3.07,3.39,2.08,2.21,0.68,2,2,2,1,2,2,2,2,3,4,3,3,3,3,2,1,2,1,2,1.75,2.2,3.2,1.6
313,23,"Female","Spain",3.39,3.04,2.04,3.8,4.48,2.03,3,4,3,4,3,3,4,4,2,4,4,3,3,4,4,5,4,5,5,3.5,3.2,3.6,4.6
314,31,"Male","France",4.03,3.33,3.35,3.24,4.12,3.24,5,5,4,5,4,4,3,4,4,3,4,4,3,4,4,4,4,4,3,4.75,3.8,3.6,3.8
315,19,"Male","France",2.99,3.4,3.45,3.2,3.2,2.87,2,2,3,2,2,2,1,3,2,3,3,3,2,4,2,5,4,3,4,2.25,2.0,3.0,3.6
316,40,"Female","Spain",3.13,4.32,4.24,3.0,4.41,3.24,3,2,3,3,1,2,2,1,1,1,1,2,2,1,2,3,2,2,3,2.75,1.4,1.4,2.4
317,25,"Male","France",2.97,4.35,3.87,4.48,2.7,3.89,3,3,4,3,2,2,1,2,1,1,2,1,2,2,4,5,4,4,5,3.25,1.6,1.6,4.4
318,19,"Female","Italy",2.79,3.71,3.55,4.16,2.89,3.29,5,4,4,5,2,3,2,1,2,3,3,3,3,3,5,5,5,4,5,4.5,2.0,3.0,4.8
319,21,"Female","Spain",3.74,4.25,3.95,2.22,4.3,3.28,4,3,5,4,3,4,3,4,4,3,3,3,3,3,3,3,3,3,2,4.0,3.6,3.0,2.8
320,24,"Male","Germany",3.94,3.83,3.59,2.78,3.44,1.58,3,2,4,3,4,5,4,4,4,1,2,3,2,1,3,3,4,4,2,3.0,4.2,1.8,3.2
321,25,"Male","Germany",3.58,3.46,2.86,2.4,2.89,2.97,3,3,4,4,2,2,4,3,3,2,3,1,2,3,3,3,3,4,4,3.5,2.8,2.2,3.4
322,19,"Male","France",3.33,3.4,3.42,3.13,2.97,2.14,5,5,4,5,3,3,3,3,3,2,4,4,3,3,2,2,2,2,3,4.75,3.0,3.2,2.2
323,25,"Female","Spain",4.08,3.43,3.09,3.3,2.38,2.64,3,3,4,4,3,3,2,3,3,3,2,2,4,4,3,3,2,3,2,3.5,2.8,3.0,2.6
324,23,"Female","France",2.73,4.04,2.43,4.02,4.09,5.21,4,5,5,4,5,5,5,5,4,5,5,4,4,5,5,5,4,4,4,4.5,4.8,4.6,4.4
325,27,"Male","Germany",2.98,3.55,3.97,2.46,3.81,2.5,3,3,3,2,2,3,3,3,2,1,2,1,2,1,1,1,2,1,3,2.75,2.6,1.4,1.6
326,27,"Female","Italy",2.8,3.17,2.72,3.56,3.85,2.02,4,3,4,3,3,4,5,3,4,5,5,5,5,5,5,4,4,3,4,3.5,3.8,5.0,4.0
327,26,"Male","Germany",3.09,2.63,2.45,3.47,4.26,3.18,4,3,4,5,5,4,4,3,3,3,2,2,3,3,2,2,3,3,3,4.0,3.8,2.6,2.6
328,26,"Male","France",3.44,3.19,3.69,2.63,3.13,2.14,3,3,4,3,1,3,2,3,2,1,1,2,2,1,2,2,2,2,3,3.25,2.2,1.4,2.2
329,21,"Female","Italy",2.62,4.28,2.03,3.96,2.9,2.2,4,5,5,3,4,4,4,4,4,4,3,3,3,3,3,4,2,4,5,4.25,4.0,3.2,3.6
330,19,"Male","Spain",2.95,4.39,3.15,2.53,3.22,4.23,4,5,3,4,4,3,4,3,4,2,2,2,3,1,3,3,3,2,3,4.0,3.6,2.0,2.8
331,23,"Male","Italy",3.45,3.16,2.34,2.7,4.01,3.89,5,5,5,5,3,3,3,4,3,3,2,3,3,3,4,4,2,3,4,5.0,3.2,2.8,3.4
332,34,"Female","Spain",3.24,3.77,3.24,2.72,4.29,2.91,4,3,2,3,3,3,4,3,4,3,2,3,3,4,2,3,3,4,2,3.0,3.4,3.0,2.8
333,47,"Male","Italy",3.09,3.12,3.86,2.35,2.94,2.01,3,2,3,2,3,2,1,1,2,3,3,1,2,2,3,2,3,3,2,2.5,1.8,2.2,2.6
334,40,"Female","Germany",3.21,3.5,3.46,4.19,3.54,1.9,2,2,2,2,3,3,3,3,4,3,3,3,3,2,4,4,3,3,3,2.0,3.2,2.8,3.4
335,29,"Male","Spain",1.77,3.45,3.24,3.17,3.18,3.03,2,3,3,3,3,3,2,3,3,3,3,3,3,3,2,2,3,4,1,2.75,2.8,3.0,2.4
336,30,"Male","Italy",3.18,3.37,3.64,2.5,2.75,3.18,4,5,4,4,3,3,2,4,2,3,2,3,3,3,4,3,3,5,2,4.25,2.8,2.8,3.4
337,26,"Male","Spain",5.0,3.15,3.41,1.78,3.68,1.2,5,5,4,5,4,4,4,3,4,3,3,3,4,5,2,2,2,1,2,4.75,3.8,3.6,1.8
338,35,"Male","Italy",2.64,3.08,3.77,3.13,3.54,3.62,1,2,2,2,1,2,1,1,1,2,2,2,2,2,2,2,2,2,3,1.75,1.2,2.0,2.2
339,34,"Male","Spain",2.14,4.39,2.84,3.95,3.75,2.46,2,4,2,3,4,2,2,2,3,2,3,3,3,3,4,3,2,3,2,2.75,2.6,2.8,2.8
340,37,"Male","Germany",3.55,2.92,3.28,2.62,3.34,1.78,2,1,1,1,2,3,2,3,2,2,1,2,2,2,2,3,3,2,4,1.25,2.4,1.8,2.8
341,39,"Female","Spain",3.05,2.27,3.58,3.09,2.93,2.81,3,2,2,2,4,4,4,4,4,4,2,3,3,2,2,2,3,3,1,2.25,4.0,2.8,2.2
342,28,"Male","Germany",2.86,3.58,2.82,1.84,3.42,3.23,3,4,4,5,1,2,1,1,1,1,2,2,2,2,2,2,3,2,2,4.0,1.2,1.8,2.2
343,34,"Male","Germany",3.51,3.31,2.65,3.1,2.46,2.91,3,2,3,4,3,2,3,2,2,4,2,3,2,2,2,4,4,3,3,3.0,2.4,2.6,3.2
344,36,"Male","France",2.58,2.89,3.6,2.75,2.9,1.98,3,2,3,2,3,3,4,3,4,3,3,4,3,3,3,4,4,3,4,2.5,3.4,3.2,3.6
345,26,"Male","Italy",4.37,3.73,3.67,2.37,3.21,0.83,1,1,1,1,1,2,1,2,1,1,1,1,1,2,3,3,3,2,3,1.0,1.4,1.2,2.8
346,40,"Male","Italy",1.89,3.85,3.61,2.86,3.02,2.03,2,3,1,2,2,2,3,2,1,3,3,3,3,3,2,1,2,1,2,2.0,2.0,3.0,1.6
347,21,"Female","Germany",3.64,2.62,2.73,2.67,4.31,4.09,4,5,5,5,4,4,3,4,4,5,3,4,3,4,3,3,2,4,3,4.75,3.8,3.8,3.0
348,49,"Male","Spain",3.73,2.14,2.12,3.19,2.97,1.98,2,3,3,4,4,4,5,3,4,4,4,3,4,4,4,5,3,5,4,3.0,4.0,3.8,4.2
349,35,"Female","France",2.41,4.58,3.75,3.24,2.85,2.07,3,3,4,3,4,3,4,4,4,2,2,2,2,2,2,3,2,3,1,3.25,3.8,2.0,2.2
350,21,"Female","Spain",3.63,3.32,3.11,3.45,2.41,3.49,3,3,4,4,4,4,4,4,4,4,3,4,3,3,3,3,4,4,4,3.5,4.0,3.4,3.6
351,32,"Male","Italy",4.16,3.6,4.16,1.87,2.99,2.31,3,3,5,4,3,4,3,3,3,3,3,2,3,3,2,2,2,1,2,3.75,3.2,2.8,1.8
352,19,"Male","Spain",2.5,3.48,3.3,2.76,2.58,1.69,3,2,3,3,2,3,2,2,2,2,2,2,3,3,3,2,3,2,2,2.75,2.2,2.4,2.4
353,35,"Male","France",2.44,3.3,2.96,2.75,4.02,2.01,2,3,4,3,2,2,2,3,2,3,2,3,3,3,5,5,5,4,4,3.0,2.2,2.8,4.6
354,35,"Female","France",3.15,4.25,3.22,3.19,3.3,1.88,2,2,4,1,3,3,3,2,2,2,2,1,3,2,2,3,3,2,3,2.25,2.6,2.0,2.6
355,31,"Male","France",2.18,4.15,3.37,3.38,2.73,0.37,1,1,1,1,2,1,1,2,1,1,1,2,2,2,4,4,2,2,3,1.0,1.4,1.6,3.0
356,37,"Female","France",3.1,2.97,3.85,3.16,3.5,1.59,2,2,1,3,2,2,3,3,3,2,1,1,2,2,3,2,2,2,2,2.0,2.6,1.6,2.2
357,21,"Female","Italy",4.01,4.27,4.01,1.91,3.12,3.66,5,5,5,5,2,4,2,3,3,2,4,2,3,2,3,3,2,3,4,5.0,2.8,2.6,3.0
358,25,"Female","Italy",2.6,3.87,3.46,2.35,3.09,2.52,2,3,3,3,1,2,2,3,2,2,1,3,3,3,3,3,4,3,2,2.75,2.0,2.4,3.0
359,28,"Female","France",2.3,3.38,2.26,3.87,3.29,3.27,2,3,3,2,3,4,5,3,3,5,4,4,5,4,4,4,4,4,3,2.5,3.6,4.4,3.8
360,19,"Non-binary","France",4.34,4.02,3.31,3.12,2.75,4.05,4,4,4,4,2,3,2,3,3,1,1,2,2,2,2,2,3,4,2,4.0,2.6,1.6,2.6
361,28,"Male","Germany",2.62,3.54,2.07,3.34,2.53,2.7,2,1,1,1,4,3,3,4,3,3,4,5,4,4,3,4,4,3,3,1.25,3.4,4.0,3.4
362,25,"Male","Spain",3.26,2.76,3.36,2.95,4.09,3.77,4,5,4,4,2,3,3,2,3,3,2,3,3,2,3,2,2,2,2,4.25,2.6,2.6,2.2
363,27,"Male","Spain",3.2,2.94,3.02,2.29,3.47,1.65,1,2,1,1,4,3,4,3,3,2,3,3,2,2,3,3,2,4,3,1.25,3.4,2.4,3.0
364,28,"Female","Spain",3.55,5.0,3.41,2.72,3.13,1.99,3,3,3,3,2,3,3,2,3,2,3,3,2,4,2,2,2,1,1,3.0,2.6,2.8,1.6
365,38,"Female","Italy",3.33,3.74,3.36,3.63,3.0,2.37,2,3,3,3,5,3,3,4,4,2,4,3,2,3,1,3,3,1,3,2.75,3.8,2.8,2.2
366,25,"Female","France",3.79,3.88,3.44,2.76,4.86,3.48,3,4,4,4,3,4,3,3,4,3,2,2,2,3,4,4,4,4,4,3.75,3.4,2.4,4.0
367,38,"Male","Italy",2.71,3.53,2.88,4.07,3.73,2.6,3,2,2,1,4,3,4,4,4,4,3,2,3,4,3,3,3,4,3,2.0,3.8,3.2,3.2
368,28,"Female","Italy",2.79,3.77,3.5,2.8,3.69,2.23,1,1,2,2,2,2,2,3,2,2,3,2,2,3,3,2,2,3,3,1.5,2.2,2.4,2.6
369,26,"Female","Spain",3.43,3.65,3.34,3.28,3.5,2.3,4,3,3,3,1,2,2,1,2,4,2,3,3,3,3,4,3,3,3,3.25,1.6,3.0,3.2
370,29,"Female","Germany",3.24,3.12,4.16,2.29,3.57,2.86,3,3,4,2,4,4,3,2,3,3,1,2,2,2,2,3,2,2,2,3.0,3.2,2.0,2.2
371,28,"Female","Italy",3.01,4.53,3.07,2.7,2.74,3.04,3,2,2,1,3,3,2,3,3,3,1,3,2,2,2,2,2,2,3,2.0,2.8,2.2,2.2
372,25,"Male","Spain",3.39,2.6,2.8,1.91,3.37,3.7,4,5,4,5,4,4,4,4,3,2,3,3,2,3,3,2,1,1,1,4.5,3.8,2.6,1.6
373,29,"Male","France",2.9,2.48,3.63,2.21,3.65,2.03,1,1,2,3,2,2,3,2,2,1,3,2,2,2,1,2,2,2,1,1.75,2.2,2.0,1.6
374,22,"Female","Spain",2.78,4.41,3.96,2.33,2.77,2.08,3,3,4,4,2,2,2,2,2,2,2,2,2,2,2,2,2,2,1,3.5,2.0,2.0,1.8
375,26,"Male","Spain",3.56,3.28,3.19,3.59,2.93,2.13,4,4,3,4,2,3,3,4,3,3,3,3,2,3,2,3,4,4,3,3.75,3.0,2.8,3.2
376,30,"Male","Spain",3.25,3.98,3.94,2.55,3.21,2.45,4,4,5,5,3,3,3,3,3,4,3,3,3,3,2,3,4,2,3,4.5,3.0,3.2,2.8
377,28,"Male","Germany",2.16,2.67,3.19,3.09,3.09,2.44,2,2,4,3,2,3,2,2,3,2,2,3,2,3,3,3,2,3,3,2.75,2.4,2.4,2.8
378,36,"Male","France",3.82,2.75,3.03,3.04,2.95,3.21,4,4,4,4,4,3,4,5,3,3,3,3,3,2,4,4,3,3,4,4.0,3.8,2.8,3.6
379,25,"Female","France",4.06,4.13,3.71,3.77,2.68,1.72,3,2,5,3,3,3,4,5,3,3,3,3,3,3,2,2,2,2,3,3.25,3.6,3.0,2.2
380,43,"Female","Italy",3.2,3.72,2.86,3.36,2.64,2.02,3,2,1,3,4,4,4,3,3,4,4,4,4,4,3,3,3,4,4,2.25,3.6,4.0,3.4
381,35,"Male","France",3.61,4.07,3.69,1.62,2.85,2.06,2,3,3,3,2,2,3,2,2,1,1,1,1,1,3,2,2,2,2,2.75,2.2,1.0,2.2
382,43,"Male","Germany",3.54,3.45,1.81,3.96,3.37,0.69,1,1,1,1,4,3,3,4,2,5,4,4,4,4,5,5,5,5,5,1.0,3.2,4.2,5.0
383,36,"Male","Italy",2.71,3.94,3.05,2.62,3.43,2.78,4,3,4,4,2,3,3,2,3,1,2,2,2,3,3,3,2,2,3,3.75,2.6,2.0,2.6
384,22,"Female","France",4.27,4.58,3.89,2.91,4.07,3.01,5,3,4,5,5,4,3,3,4,2,2,3,2,2,3,2,2,3,2,4.25,3.8,2.2,2.4
385,30,"Female","France",2.45,3.81,2.92,3.48,3.03,2.01,4,2,3,3,5,3,4,4,4,2,4,3,3,3,5,3,3,3,4,3.0,4.0,3.0,3.6
386,23,"Female","Germany",3.5,3.6,1.59,3.67,3.63,2.62,3,4,3,5,4,3,5,3,3,5,5,5,5,5,5,3,4,3,4,3.75,3.6,5.0,3.8
387,36,"Male","Italy",3.47,3.37,4.25,2.73,3.67,3.4,5,5,4,5,2,3,3,3,4,4,4,4,4,4,3,3,3,3,3,4.75,3.0,4.0,3.0
388,31,"Male","Germany",3.83,3.68,2.92,1.55,3.1,1.87,2,2,4,4,2,2,2,1,3,3,4,3,4,3,2,2,2,3,3,3.0,2.0,3.4,2.4
389,25,"Male","Spain",3.66,3.23,3.74,2.79,4.16,2.86,4,4,4,4,3,3,3,4,3,3,3,3,3,2,3,3,2,2,2,4.0,3.2,2.8,2.4
390,40,"Female","Germany",3.02,3.76,3.66,3.81,2.33,2.75,4,3,4,4,5,4,4,4,5,1,3,2,2,2,2,2,2,2,2,3.75,4.4,2.0,2.0
391,22,"Male","Italy",2.92,3.88,4.3,2.73,3.17,2.78,5,4,5,5,4,4,4,4,4,4,2,2,3,3,2,3,4,2,3,4.75,4.0,2.8,2.8
392,30,"Female","Spain",3.65,4.06,3.29,3.16,4.11,1.46,4,2,4,3,3,3,3,4,3,2,2,3,3,2,3,5,4,3,4,3.25,3.2,2.4,3.8
393,33,"Female","France",4.33,4.06,3.57,2.75,3.89,1.49,4,3,2,2,3,3,3,3,3,2,2,3,2,2,3,4,3,3,2,2.75,3.0,2.2,3.0
394,20,"Male","Italy",3.13,3.51,2.71,3.8,2.61,1.75,1,3,2,2,2,2,3,3,2,2,3,4,4,3,3,3,4,4,3,2.0,2.4,3.2,3.4
395,31,"Male","Spain",2.94,3.43,4.43,2.36,2.93,2.12,5,5,4,4,3,3,3,3,3,2,3,2,2,2,2,4,2,3,2,4.5,3.0,2.2,2.6
396,36,"Male","France",2.87,4.36,1.96,2.71,4.8,2.45,3,4,5,4,4,4,4,4,4,4,3,4,5,4,3,3,3,4,4,4.0,4.0,4.0,3.4
397,20,"Male","Germany",3.55,2.78,3.11,3.01,3.81,4.24,5,4,5,4,5,4,4,4,4,2,2,3,2,2,2,2,3,2,3,4.5,4.2,2.2,2.4
398,29,"Male","Spain",4.3,3.74,3.17,3.16,3.12,3.09,5,5,5,5,5,5,5,5,5,3,4,3,3,4,4,3,4,4,2,5.0,5.0,3.4,3.4
399,25,"Female","France",2.58,2.39,2.03,3.2,2.33,2.31,3,3,2,3,3,3,2,2,2,3,3,3,3,3,4,4,5,4,3,2.75,2.4,3.0,4.0
400,32,"Male","France",3.39,2.7,1.32,2.96,2.88,3.47,2,2,1,3,4,4,4,4,5,2,4,3,4,4,4,4,4,4,5,2.0,4.2,3.4,4.2
401,22,"Male","Spain",2.84,4.27,3.17,3.41,3.28,2.82,4,3,4,3,2,3,2,3,3,3,3,3,3,3,4,4,4,3,4,3.5,2.6,3.0,3.8
402,41,"Female","Germany",3.17,3.0,3.13,2.77,3.34,1.68,2,2,3,3,1,2,1,2,2,2,2,2,2,3,2,2,3,2,3,2.5,1.6,2.2,2.4
403,39,"Female","Italy",3.06,2.92,3.7,3.28,3.01,2.03,3,1,2,2,3,4,4,4,4,3,4,3,3,3,4,3,3,3,3,2.0,3.8,3.2,3.2
404,23,"Male","Spain",3.29,3.36,2.79,3.09,2.92,2.8,3,4,3,3,5,4,4,4,4,5,3,4,3,4,4,4,3,3,3,3.25,4.2,3.8,3.4
405,26,"Female","Germany",2.63,2.47,2.75,3.77,2.7,3.37,3,3,3,2,3,4,3,2,3,3,2,2,3,3,3,3,5,3,3,2.75,3.0,2.6,3.4
406,31,"Female","Germany",4.71,4.18,4.35,2.91,4.79,2.14,3,2,2,3,4,3,3,3,3,3,3,2,2,2,2,3,4,3,3,2.5,3.2,2.4,3.0
407,33,"Female","Spain",2.73,1.92,2.56,3.85,3.16,2.46,4,4,5,4,5,5,5,4,4,5,3,4,4,4,3,3,3,3,2,4.25,4.6,4.0,2.8
408,28,"Female","Germany",3.37,4.31,3.77,3.3,2.87,1.73,4,3,4,3,4,4,4,4,4,3,3,2,2,3,2,3,4,3,3,3.5,4.0,2.6,3.0
409,22,"Male","Spain",2.54,4.3,3.57,2.5,2.88,2.48,3,3,3,2,2,3,3,3,3,2,3,3,3,2,3,2,2,3,2,2.75,2.8,2.6,2.4
410,21,"Female","Germany",2.81,3.04,2.4,2.66,3.01,1.91,3,4,4,4,2,4,2,2,2,2,4,2,3,3,2,2,1,2,1,3.75,2.4,2.8,1.6
411,56,"Male","Italy",2.84,4.03,3.65,2.9,2.86,1.75,2,3,2,2,4,3,4,5,4,3,3,2,3,3,3,3,3,4,3,2.25,4.0,2.8,3.2
412,28,"Female","Italy",3.13,3.71,3.76,2.9,3.96,2.12,5,3,4,4,4,4,4,4,5,5,3,4,3,4,3,2,3,2,2,4.0,4.2,3.8,2.4
413,38,"Female","Spain",3.2,3.97,3.17,2.09,3.45,3.43,4,3,3,4,2,2,2,3,2,3,2,3,2,3,2,3,2,2,2,3.5,2.2,2.6,2.2
414,29,"Male","Germany",3.64,3.79,3.69,2.48,2.95,2.32,2,4,4,4,2,2,2,2,1,3,2,2,2,2,4,5,4,4,2,3.5,1.8,2.2,3.8
415,40,"Male","Spain",3.53,3.69,3.1,3.48,2.87,2.92,4,3,4,3,5,4,4,5,4,5,3,2,3,3,4,2,4,4,5,3.5,4.4,3.2,3.8
416,21,"Female","Spain",2.85,4.44,4.04,2.65,3.5,1.84,5,4,4,4,3,3,3,2,2,2,1,2,1,2,2,3,2,3,4,4.25,2.6,1.6,2.8
417,21,"Female","Spain",3.29,1.87,2.3,3.52,2.94,2.86,4,4,4,4,5,4,4,3,4,3,4,4,3,3,4,4,4,5,4,4.0,4.0,3.4,4.2
418,40,"Male","Italy",3.35,4.09,3.34,2.2,3.55,1.48,3,2,3,3,3,3,2,3,3,2,2,3,2,2,2,2,1,2,3,2.75,2.8,2.2,2.0
419,41,"Female","Spain",3.0,3.39,3.1,4.42,1.96,2.43,4,3,4,3,5,3,4,3,3,3,2,2,3,3,4,5,5,5,5,3.5,3.6,2.6,4.8
420,26,"Female","Germany",2.97,3.47,2.83,3.78,3.71,3.97,3,3,3,4,3,4,3,2,3,3,4,4,3,4,4,5,3,4,4,3.25,3.0,3.6,4.0
421,26,"Female","Italy",3.17,3.34,3.18,3.1,3.23,3.42,3,3,3,4,4,3,3,3,4,3,3,3,3,3,3,2,2,3,3,3.25,3.4,3.0,2.6
422,28,"Male","Spain",3.09,3.54,3.76,2.09,2.68,2.56,4,4,4,3,2,2,2,2,3,2,2,3,2,3,2,1,1,2,1,3.75,2.2,2.4,1.4
423,28,"Male","Spain",2.15,3.81,3.49,3.25,2.31,4.21,2,2,1,2,2,2,1,2,3,2,3,2,2,3,3,4,4,4,4,1.75,2.0,2.4,3.8
424,23,"Female","Spain",4.27,3.24,3.39,3.4,2.93,1.93,3,4,4,3,2,3,1,1,2,5,5,4,4,5,2,2,2,3,4,3.5,1.8,4.6,2.6
425,39,"Male","Italy",2.87,3.47,4.94,2.6,4.29,3.08,3,3,2,2,2,2,3,1,2,1,2,1,1,2,2,1,1,1,1,2.5,2.0,1.4,1.2
426,25,"Female","Germany",3.92,3.79,2.87,3.68,2.57,1.46,2,3,3,3,4,4,4,4,3,2,2,2,2,2,3,3,3,3,4,2.75,3.8,2.0,3.2
427,33,"Male","Spain",4.16,3.62,1.92,2.95,3.78,2.02,2,2,3,2,4,3,4,3,4,2,3,3,3,2,3,4,3,3,3,2.25,3.6,2.6,3.2
428,20,"Female","Germany",3.06,3.91,2.92,2.49,3.22,1.5,3,3,3,3,2,2,1,2,3,3,2,2,3,3,4,4,3,3,3,3.0,2.0,2.6,3.4
429,19,"Male","Spain",3.22,3.19,3.93,2.26,3.5,3.08,5,3,4,5,2,3,1,2,2,2,3,3,2,2,3,3,3,3,3,4.25,2.0,2.4,3.0
430,32,"Male","Germany",3.24,2.47,2.28,3.29,4.34,3.18,4,5,5,5,4,4,4,4,4,3,3,4,3,3,3,3,2,2,3,4.75,4.0,3.2,2.6
431,26,"Female","Germany",3.55,2.5,1.26,4.17,3.13,2.69,3,3,4,5,5,5,5,5,5,5,5,5,5,5,5,4,5,5,5,3.75,5.0,5.0,4.8
432,32,"Female","Italy",3.88,3.04,3.42,3.46,3.16,2.38,1,1,2,2,3,3,3,2,3,4,4,3,3,3,3,4,2,4,3,1.5,2.8,3.4,3.2
433,21,"Female","Italy",2.94,3.49,3.58,3.06,3.84,2.59,4,5,4,4,3,3,3,2,3,3,3,4,3,3,4,2,2,3,3,4.25,2.8,3.2,2.8
434,42,"Female","Germany",2.92,2.68,4.18,2.6,2.91,2.2,3,2,2,1,1,2,2,2,2,2,1,2,2,2,1,2,2,2,1,2.0,1.8,1.8,1.6
435,34,"Female","Spain",3.16,3.54,3.09,3.15,3.26,3.21,5,3,4,3,5,4,4,5,4,3,4,4,5,4,4,5,5,5,4,3.75,4.4,4.0,4.6
436,38,"Female","Spain",3.3,2.1,3.98,2.91,3.61,1.4,4,3,4,3,2,2,2,3,2,3,3,4,4,3,2,3,2,2,2,3.5,2.2,3.4,2.2
437,22,"Male","Spain",2.37,3.04,2.75,4.05,2.77,1.84,3,2,3,3,2,2,3,3,3,3,3,3,3,3,5,5,4,4,4,2.75,2.6,3.0,4.4
438,26,"Female","France",3.65,3.16,2.97,3.03,4.09,2.82,3,4,4,4,3,4,4,5,4,3,2,3,3,3,4,5,4,4,5,3.75,4.0,2.8,4.4
439,27,"Female","Italy",2.07,2.6,1.84,3.21,2.45,2.66,4,2,2,3,5,5,4,5,5,4,3,4,4,4,4,3,3,3,4,2.75,4.8,3.8,3.4
440,30,"Male","Italy",2.23,2.86,1.93,2.96,3.69,3.89,4,5,4,5,1,2,2,3,2,5,5,5,5,4,2,1,2,2,1,4.5,2.0,4.8,1.6
441,25,"Male","Germany",3.44,3.54,2.78,2.17,2.63,2.46,3,3,4,3,4,3,3,3,3,3,3,3,3,3,4,3,4,3,3,3.25,3.2,3.0,3.4
442,20,"Female","Spain",3.17,4.02,3.96,3.21,2.95,2.91,4,5,5,5,3,3,3,4,3,4,4,3,3,3,3,3,3,2,2,4.75,3.2,3.4,2.6
443,27,"Female","Italy",3.21,3.31,3.13,4.29,2.28,2.25,3,3,2,5,4,4,4,5,4,4,4,4,3,4,4,4,3,4,5,3.25,4.2,3.8,4.0
444,25,"Female","Spain",3.06,4.21,2.66,2.9,2.96,3.07,4,4,4,4,3,4,4,2,3,3,3,3,3,4,3,2,3,3,3,4.0,3.2,3.2,2.8
445,27,"Non-binary","Spain",3.07,2.43,3.35,3.36,3.52,1.68,2,2,3,2,5,3,3,3,4,4,3,3,3,3,3,3,2,3,3,2.25,3.6,3.2,2.8
446,23,"Female","Italy",2.68,3.5,2.74,3.18,4.42,2.95,5,4,4,5,4,4,4,3,3,4,4,3,4,4,4,4,5,4,3,4.5,3.6,3.8,4.0
447,25,"Male","Germany",3.26,2.7,3.2,2.25,2.54,2.32,3,3,4,3,3,4,5,2,4,3,3,3,3,3,3,3,2,2,2,3.25,3.6,3.0,2.4
448,31,"Male","Italy",2.58,3.07,3.7,3.22,3.5,3.07,3,4,4,4,3,3,3,3,3,3,2,3,3,3,5,5,3,4,4,3.75,3.0,2.8,4.2
449,27,"Male","Spain",2.54,3.01,3.29,2.7,2.98,1.62,1,3,2,2,2,2,3,3,2,2,2,1,2,2,3,3,4,3,3,2.0,2.4,1.8,3.2
450,26,"Male","Italy",3.46,3.22,3.39,3.73,3.27,1.67,3,3,3,1,3,3,3,2,3,2,3,3,2,3,3,2,3,3,3,2.5,2.8,2.6,2.8
451,30,"Female","Spain",3.91,3.9,2.63,2.54,2.91,3.76,5,5,4,5,3,2,3,3,2,3,3,3,3,3,2,3,3,3,3,4.75,2.6,3.0,2.8
452,35,"Female","Germany",2.69,3.39,3.59,3.79,3.41,0.0,2,2,2,2,3,3,2,4,3,2,2,3,2,2,4,3,3,3,4,2.0,3.0,2.2,3.4
453,27,"Male","Italy",2.93,2.13,2.95,3.18,3.26,2.57,4,5,4,4,4,5,5,5,5,5,5,5,5,5,4,5,5,5,3,4.25,4.8,5.0,4.4
454,31,"Male","Spain",4.46,4.27,4.09,1.84,3.33,2.07,4,4,3,4,3,3,3,3,2,1,1,2,2,2,3,3,4,3,2,3.75,2.8,1.6,3.0
455,43,"Female","Spain",3.14,3.03,3.46,3.28,2.64,2.87,3,2,2,1,4,3,3,3,4,3,3,4,3,3,3,2,4,3,3,2.0,3.4,3.2,3.0
456,29,"Male","Spain",3.92,3.53,2.4,3.02,3.55,2.44,3,4,5,4,3,4,3,4,3,2,3,2,2,3,4,3,3,3,3,4.0,3.4,2.4,3.2
457,39,"Female","Germany",3.78,3.36,3.78,2.96,2.66,1.51,2,2,3,2,3,3,3,3,2,3,3,3,2,2,4,3,4,3,3,2.25,2.8,2.6,3.4
458,35,"Male","France",2.35,3.99,4.1,2.91,4.11,2.3,3,3,3,3,3,3,3,3,3,4,3,5,4,5,3,3,3,3,3,3.0,3.0,4.2,3.0
459,20,"Female","Italy",3.83,3.97,2.95,4.02,3.77,2.1,3,3,2,3,5,5,5,5,5,3,3,3,3,3,3,3,4,4,3,2.75,5.0,3.0,3.4
460,28,"Male","Italy",2.97,2.98,3.31,2.05,3.62,2.13,3,3,2,2,4,3,3,3,3,2,2,2,3,4,1,1,2,2,2,2.5,3.2,2.6,1.6
461,33,"Female","France",2.63,3.66,3.01,3.11,2.74,2.72,3,3,4,4,3,3,3,3,4,3,4,3,4,3,3,3,4,2,3,3.5,3.2,3.4,3.0
462,46,"Male","Spain",3.1,4.52,4.43,2.64,3.41,2.02,2,3,3,3,2,2,2,3,2,2,1,2,2,2,3,3,2,2,3,2.75,2.2,1.8,2.6
463,28,"Female","Germany",3.71,4.23,3.07,2.98,2.36,1.7,2,3,2,2,4,2,4,2,3,3,4,4,4,4,4,4,4,4,4,2.25,3.0,3.8,4.0
464,21,"Male","Spain",3.87,4.7,3.77,1.37,3.86,2.59,5,5,5,5,3,1,2,2,1,2,2,1,1,2,1,1,1,1,1,5.0,1.8,1.6,1.0
465,30,"Male","France",2.66,2.95,3.49,3.11,2.9,1.56,3,3,3,3,3,2,2,2,2,4,3,3,3,3,3,2,2,2,2,3.0,2.2,3.2,2.2
466,22,"Female","Italy",2.81,3.54,3.04,2.63,3.0,2.4,2,3,3,2,2,2,2,1,2,1,2,1,2,2,1,2,2,3,3,2.5,1.8,1.6,2.2
467,34,"Male","Italy",3.4,3.31,2.49,3.66,1.69,2.83,3,3,4,4,4,3,3,3,4,2,2,2,2,2,4,5,4,4,3,3.5,3.4,2.0,4.0
468,29,"Male","Germany",2.93,3.0,3.25,3.3,3.89,1.5,4,3,3,4,3,4,3,4,2,2,2,2,3,3,2,2,2,2,2,3.5,3.2,2.4,2.0
469,33,"Male","Spain",2.77,3.71,3.48,1.94,4.34,2.57,3,2,4,2,1,1,1,1,1,1,2,1,2,1,1,2,2,2,1,2.75,1.0,1.4,1.6
470,38,"Male","France",2.34,3.56,3.52,3.1,2.88,3.4,5,3,3,4,3,3,3,2,3,4,5,4,4,4,3,2,3,2,2,3.75,2.8,4.2,2.4
471,31,"Male","France",3.7,2.52,3.04,2.67,2.92,3.27,3,4,3,4,3,3,3,3,2,2,2,1,2,2,3,4,3,3,3,3.5,2.8,1.8,3.2
472,31,"Female","France",3.46,4.17,3.32,3.42,3.43,2.78,4,3,3,4,3,3,3,2,3,2,3,2,1,1,3,3,4,3,4,3.5,2.8,1.8,3.4
473,34,"Male","Spain",2.66,3.19,3.04,2.69,3.41,2.63,2,2,4,2,3,3,3,1,2,3,2,3,4,3,3,3,3,2,3,2.5,2.4,3.0,2.8
474,37,"Female","Spain",3.34,2.56,2.1,3.75,2.72,4.37,4,4,4,3,3,3,3,4,5,3,3,4,3,4,3,3,5,4,3,3.75,3.6,3.4,3.6
475,38,"Female","Spain",3.38,3.98,2.74,2.41,4.29,2.12,2,2,2,2,2,2,2,2,3,2,2,1,2,2,3,4,3,3,2,2.0,2.2,1.8,3.0
476,19,"Male","Spain",3.41,3.17,2.71,2.8,2.59,1.38,1,2,2,2,3,3,3,4,3,4,5,4,5,5,3,3,2,2,3,1.75,3.2,4.6,2.6
477,30,"Female","France",3.73,3.09,3.84,2.66,2.79,1.26,3,3,4,4,1,1,1,1,1,1,1,3,2,1,1,1,1,1,1,3.5,1.0,1.6,1.0
478,24,"Female","Italy",2.94,1.91,2.74,3.37,3.6,4.4,5,4,5,4,1,2,2,3,3,3,3,3,2,3,4,5,4,3,5,4.5,2.2,2.8,4.2
479,37,"Female","Italy",2.07,4.08,3.87,3.73,3.15,3.68,3,3,4,3,3,3,3,3,3,3,3,3,2,3,3,3,3,3,3,3.25,3.0,2.8,3.0
480,32,"Male","France",3.81,2.58,3.51,2.38,2.4,1.79,3,3,3,3,3,3,3,1,3,3,3,3,3,3,4,3,2,3,3,3.0,2.6,3.0,3.0
481,28,"Male","France",2.53,3.34,2.76,3.39,2.08,2.32,4,5,4,4,4,3,4,4,5,4,4,4,4,4,5,4,4,4,4,4.25,4.0,4.0,4.2
482,23,"Male","Spain",1.92,4.09,3.92,2.28,3.13,2.43,4,3,4,4,2,1,3,1,2,2,1,3,1,2,3,2,1,2,3,3.75,1.8,1.8,2.2
483,26,"Female","France",3.81,3.81,3.52,3.51,3.04,3.49,4,3,3,3,3,2,2,4,3,3,1,3,3,2,3,2,3,4,1,3.25,2.8,2.4,2.6
484,33,"Non-binary","Spain",3.22,3.39,3.15,2.72,3.33,1.52,3,3,3,4,3,3,2,3,2,3,3,3,2,3,3,3,5,3,2,3.25,2.6,2.8,3.2
485,24,"Female","Spain",3.22,2.88,3.57,2.54,3.14,1.4,4,4,3,4,2,2,2,3,2,3,3,3,3,4,3,3,3,3,4,3.75,2.2,3.2,3.2
486,21,"Male","France",3.02,3.6,2.13,3.77,2.82,3.81,4,3,3,4,5,4,5,4,5,4,2,3,3,3,5,4,5,4,5,3.5,4.6,3.0,4.6
487,38,"Female","France",3.93,3.29,3.27,4.05,3.29,2.78,3,3,4,3,3,3,3,3,3,5,5,4,5,5,3,3,3,3,2,3.25,3.0,4.8,2.8
488,34,"Male","Spain",3.94,3.5,3.62,2.7,3.96,3.16,4,4,5,5,3,2,3,3,3,3,2,2,2,2,4,3,4,4,2,4.5,2.8,2.2,3.4
489,23,"Female","France",2.79,2.87,2.72,3.46,3.02,1.73,2,2,2,3,5,4,4,5,4,4,4,4,4,4,4,2,3,4,4,2.25,4.4,4.0,3.4
490,25,"Male","France",3.63,4.22,3.01,2.44,2.56,2.91,3,4,3,3,2,3,3,4,3,2,3,3,2,2,1,2,2,3,2,3.25,3.0,2.4,2.0
491,44,"Female","Italy",4.42,3.8,3.76,1.98,3.56,1.41,3,4,4,3,3,3,2,3,3,1,1,2,1,2,3,2,3,2,2,3.5,2.8,1.4,2.4
492,33,"Female","Italy",3.51,3.38,3.91,4.14,2.87,2.33,4,4,5,4,4,4,5,3,4,2,2,2,3,3,3,4,4,4,4,4.25,4.0,2.4,3.8
493,31,"Male","Italy",2.59,2.81,4.01,3.41,3.13,1.69,1,3,2,1,2,3,3,2,3,2,2,2,3,2,3,4,2,4,2,1.75,2.6,2.2,3.0
494,26,"Male","Spain",3.22,2.91,3.67,2.62,3.14,0.87,3,2,4,3,3,3,3,3,3,2,3,3,3,2,3,2,3,1,2,3.0,3.0,2.6,2.2
495,25,"Female","Italy",3.57,3.42,3.17,3.1,3.82,2.39,3,3,3,3,4,3,3,3,3,2,1,2,2,3,4,4,3,4,3,3.0,3.2,2.0,3.6
496,19,"Male","France",4.19,3.85,3.95,2.4,3.14,3.11,5,5,5,4,4,3,4,3,4,3,3,2,3,3,2,3,3,3,2,4.75,3.6,2.8,2.6
497,34,"Female","France",3.59,3.64,2.56,3.06,3.28,2.33,4,5,4,4,4,4,3,4,3,2,3,3,2,2,4,3,3,4,1,4.25,3.6,2.4,3.0
498,20,"Female","Italy",2.89,4.35,3.79,3.68,3.5,3.03,5,5,4,5,5,4,4,3,4,2,3,2,3,3,3,2,3,2,3,4.75,4.0,2.6,2.6
499,18,"Female","France",3.25,2.95,3.14,3.21,2.47,2.26,3,5,3,4,5,4,5,4,5,4,4,3,3,4,3,4,5,4,4,3.75,4.6,3.6,4.0
500,34,"Male","France",2.88,3.17,3.45,3.17,2.9,0.9,3,2,2,2,4,4,4,3,4,4,4,4,4,4,3,3,4,2,3,2.25,3.8,4.0,3.0
501,41,"Male","Italy",3.48,3.32,1.67,3.08,3.87,2.66,3,3,3,3,4,4,3,4,4,4,2,4,5,4,2,2,3,2,3,3.0,3.8,3.8,2.4
502,34,"Male","Germany",2.19,3.37,4.13,2.38,3.15,1.85,2,2,2,2,3,3,3,2,2,2,3,2,2,2,2,3,3,3,3,2.0,2.6,2.2,2.8
503,29,"Female","Germany",2.42,4.39,3.46,3.12,4.01,1.84,4,3,3,4,2,3,2,1,2,1,2,1,1,2,3,2,2,3,2,3.5,2.0,1.4,2.4
504,29,"Male","France",3.6,2.92,2.82,3.3,2.96,2.13,2,3,2,2,2,3,2,3,3,1,3,2,3,3,4,4,4,5,4,2.25,2.6,2.4,4.2
505,28,"Male","France",1.93,3.24,2.32,4.31,3.12,1.72,3,2,2,2,5,3,5,4,5,3,2,3,4,3,3,3,3,3,3,2.25,4.4,3.0,3.0
506,26,"Male","Italy",2.66,2.93,2.04,2.81,3.67,2.4,4,4,4,4,4,4,5,5,4,3,4,5,5,4,3,4,3,4,4,4.0,4.4,4.2,3.6
507,29,"Female","Spain",4.54,4.07,3.51,2.53,3.03,1.83,4,5,5,5,3,3,2,3,3,3,4,3,4,4,3,1,2,2,3,4.75,2.8,3.6,2.2
508,28,"Male","Germany",4.44,3.41,4.6,3.07,2.62,2.4,2,1,2,2,1,2,2,1,2,1,1,2,2,1,1,2,1,2,2,1.75,1.6,1.4,1.6
509,31,"Female","France",2.8,3.06,3.1,3.23,4.94,2.31,4,5,4,5,5,5,5,5,5,3,3,3,3,3,4,4,2,4,5,4.5,5.0,3.0,3.8
510,39,"Female","Spain",2.55,3.57,3.64,3.08,3.27,2.19,2,2,3,2,3,3,3,3,2,3,2,2,2,3,4,5,5,4,5,2.25,2.8,2.4,4.6
511,49,"Female","Spain",2.57,3.5,3.57,3.27,3.54,0.72,1,1,1,1,4,3,4,4,3,3,3,2,2,3,4,4,3,4,3,1.0,3.6,2.6,3.6
512,21,"Female","Germany",4.05,4.14,3.58,2.18,3.15,1.44,2,1,1,2,3,2,3,3,2,3,3,3,4,2,1,2,2,1,2,1.5,2.6,3.0,1.6
513,27,"Female","Spain",3.07,3.64,3.06,2.67,2.56,2.68,2,2,1,2,3,3,3,3,3,2,3,2,2,2,3,1,1,2,1,1.75,3.0,2.2,1.6
514,23,"Female","Spain",2.21,3.26,2.32,3.04,2.79,2.75,2,3,3,3,4,3,4,2,3,5,4,5,5,5,2,2,2,3,2,2.75,3.2,4.8,2.2
515,26,"Male","Spain",2.4,3.55,3.71,2.59,2.92,3.15,4,3,3,3,3,3,3,3,3,4,4,2,4,3,1,2,2,3,4,3.25,3.0,3.4,2.4
516,25,"Female","Spain",3.52,3.11,2.76,3.91,3.84,3.27,4,4,5,4,5,5,5,5,5,4,5,4,5,4,4,3,4,3,5,4.25,5.0,4.4,3.8
517,23,"Female","Spain",3.56,4.09,2.36,4.03,3.59,2.86,3,4,4,3,3,3,3,4,3,4,3,3,4,4,4,4,4,4,3,3.5,3.2,3.6,3.8
518,34,"Female","Italy",3.81,3.79,3.46,2.77,3.65,0.96,2,2,4,2,2,2,3,3,2,3,3,2,2,2,2,1,1,1,1,2.5,2.4,2.4,1.2
519,29,"Female","Spain",3.01,4.0,2.53,3.02,4.44,2.27,4,4,4,4,4,4,3,3,5,4,2,5,4,4,4,2,3,4,4,4.0,3.8,3.8,3.4
520,40,"Female","Germany",2.82,3.32,2.73,3.52,2.76,2.04,2,2,3,3,2,2,3,3,3,3,4,3,3,2,4,4,3,4,5,2.5,2.6,3.0,4.0
521,19,"Female","Germany",3.09,4.0,3.03,3.6,3.79,3.74,4,4,4,5,3,3,3,3,4,5,4,5,4,4,4,5,5,5,4,4.25,3.2,4.4,4.6
522,20,"Female","France",3.83,3.65,5.0,2.98,3.75,2.28,3,3,3,3,3,3,3,4,4,2,3,3,3,3,2,1,1,1,3,3.0,3.4,2.8,1.6
523,27,"Male","Spain",2.67,3.29,4.04,3.71,4.13,3.12,4,4,4,4,3,3,4,3,5,3,3,4,2,3,3,3,2,3,3,4.0,3.6,3.0,2.8
524,21,"Male","Italy",3.67,2.7,3.4,2.18,2.46,2.65,3,4,3,2,2,2,2,1,3,2,3,2,4,2,1,3,2,1,1,3.0,2.0,2.6,1.6
525,25,"Male","Spain",3.34,3.73,3.92,2.93,3.7,3.19,3,3,1,3,2,2,3,3,3,4,4,5,4,3,3,2,3,3,3,2.5,2.6,4.0,2.8
526,46,"Male","France",2.61,3.28,2.38,2.16,3.53,1.8,2,1,1,1,1,1,1,1,1,1,2,2,2,2,1,1,1,2,1,1.25,1.0,1.8,1.2
527,24,"Male","Germany",2.75,3.88,4.04,2.37,3.63,3.6,4,5,5,4,1,2,3,2,2,4,4,3,3,3,4,3,3,5,4,4.5,2.0,3.4,3.8
528,23,"Male","Germany",2.8,2.26,3.0,2.91,2.87,1.29,3,3,3,3,2,4,3,3,3,2,4,3,2,3,3,4,3,4,2,3.0,3.0,2.8,3.2
529,30,"Female","Italy",4.39,2.71,3.37,2.41,3.99,1.5,3,4,3,3,3,3,4,4,3,1,1,2,2,2,2,2,2,3,3,3.25,3.4,1.6,2.4
530,29,"Male","Spain",3.38,3.64,2.85,2.57,3.85,1.45,5,4,5,4,2,3,3,2,3,2,1,2,2,2,3,4,4,4,4,4.5,2.6,1.8,3.8
531,31,"Female","Italy",4.26,3.89,2.98,3.17,4.93,4.38,5,5,5,5,4,4,4,4,5,2,2,2,3,2,4,4,3,3,4,5.0,4.2,2.2,3.6
532,27,"Female","Italy",3.26,4.38,3.14,3.04,3.72,3.22,4,3,4,4,3,3,3,3,3,3,3,3,3,3,3,4,4,3,4,3.75,3.0,3.0,3.6
533,36,"Male","France",3.44,2.97,2.74,3.61,3.99,3.69,4,5,5,4,5,4,4,4,5,3,3,4,4,2,4,4,3,3,4,4.5,4.4,3.2,3.6
534,22,"Male","Italy",4.11,4.57,3.78,2.34,4.36,2.99,5,5,5,5,2,2,2,2,1,1,2,2,3,3,1,1,1,1,1,5.0,1.8,2.2,1.0
535,28,"Male","Spain",3.63,2.86,2.58,3.37,3.2,2.04,3,3,2,3,3,3,4,3,2,4,4,4,4,3,3,3,3,3,3,2.75,3.0,3.8,3.0
536,33,"Female","Spain",3.18,4.14,3.92,3.58,2.27,2.28,3,4,3,3,1,1,1,1,1,1,1,2,2,2,4,4,4,4,3,3.25,1.0,1.6,3.8
537,37,"Male","France",3.35,3.83,2.57,2.69,2.81,2.88,1,2,3,2,3,4,3,3,4,3,3,4,3,3,4,3,4,4,3,2.0,3.4,3.2,3.6
538,27,"Female","Spain",3.21,4.47,4.74,2.12,3.75,3.76,4,5,4,2,1,2,1,1,1,1,1,1,1,1,2,2,1,2,2,3.75,1.2,1.0,1.8
539,30,"Female","Spain",3.54,3.76,3.63,3.09,4.39,3.06,4,3,2,4,3,3,3,3,2,2,3,3,3,3,2,3,2,2,3,3.25,2.8,2.8,2.4
540,20,"Female","Germany",3.86,2.93,3.63,3.45,3.61,3.01,3,4,5,3,4,4,5,5,4,5,5,5,5,5,4,5,3,4,3,3.75,4.4,5.0,3.8
541,23,"Male","Germany",3.88,3.58,3.51,2.78,2.27,3.36,2,4,2,3,4,5,3,4,4,4,4,3,3,4,3,3,2,2,2,2.75,4.0,3.6,2.4
542,20,"Male","France",3.15,3.0,2.49,3.99,3.53,2.47,4,3,3,3,2,2,2,2,2,2,3,4,3,3,2,3,2,2,2,3.25,2.0,3.0,2.2
543,34,"Male","Germany",3.18,3.06,3.37,3.45,2.81,2.34,3,3,3,4,3,4,4,3,4,2,2,2,3,3,1,4,3,2,3,3.25,3.6,2.4,2.6
544,25,"Male","Germany",3.2,3.92,2.34,3.12,3.02,2.47,4,3,3,5,2,2,2,3,3,3,3,3,3,3,3,4,4,4,5,3.75,2.4,3.0,4.0
545,33,"Male","Spain",3.12,3.09,3.29,4.0,3.1,1.01,2,2,1,2,2,3,2,1,2,3,3,2,3,3,4,4,4,4,4,1.75,2.0,2.8,4.0
546,20,"Female","France",3.38,4.71,3.34,3.96,3.44,2.38,3,2,4,3,4,3,3,4,3,2,3,2,3,3,4,3,2,3,3,3.0,3.4,2.6,3.0
547,37,"Female","France",4.27,4.05,3.72,2.7,3.2,1.26,2,3,3,2,4,3,3,4,3,2,2,3,3,3,4,2,2,3,2,2.5,3.4,2.6,2.6
548,36,"Female","Spain",3.25,4.04,3.46,2.81,3.2,3.24,4,4,3,3,3,2,4,3,3,2,2,2,3,3,1,2,2,1,2,3.5,3.0,2.4,1.6
549,21,"Female","Italy",3.8,4.29,3.19,2.61,3.67,3.49,4,5,4,5,2,3,3,3,3,2,2,2,2,2,2,2,3,3,3,4.5,2.8,2.0,2.6
550,19,"Male","France",4.12,4.18,2.87,2.68,2.95,4.04,5,5,5,5,4,4,4,4,4,4,4,3,3,4,3,4,3,4,3,5.0,4.0,3.6,3.4
551,20,"Female","France",3.04,4.44,2.74,2.33,2.79,1.19,3,3,3,2,1,2,2,1,2,3,2,1,3,2,4,2,3,3,5,2.75,1.6,2.2,3.4
552,37,"Female","Spain",3.37,3.89,3.68,3.56,2.37,3.76,3,4,3,3,2,2,3,2,3,3,3,3,4,3,3,4,3,5,3,3.25,2.4,3.2,3.6
553,24,"Female","Spain",3.91,3.38,3.73,2.14,3.44,1.56,4,4,4,4,1,3,1,2,2,1,2,2,3,2,2,2,2,2,3,4.0,1.8,2.0,2.2
554,30,"Female","Germany",3.34,4.2,2.61,3.24,2.69,1.21,4,2,2,3,3,3,3,3,3,2,2,1,3,3,3,3,3,3,3,2.75,3.0,2.2,3.0
555,28,"Male","Spain",3.5,3.89,4.2,2.24,3.98,2.6,4,4,4,4,3,2,2,3,3,2,2,2,3,2,3,3,3,1,2,4.0,2.6,2.2,2.4
556,35,"Male","Spain",4.02,2.5,3.45,3.33,3.27,3.88,4,4,4,5,3,3,4,4,3,1,3,2,2,2,3,4,3,3,4,4.25,3.4,2.0,3.4
557,29,"Male","Spain",2.47,3.89,2.71,3.05,3.13,2.91,3,4,4,4,4,3,4,2,3,3,5,3,3,5,3,2,2,2,2,3.75,3.2,3.8,2.2
558,29,"Male","France",3.63,3.07,2.84,3.05,3.92,2.33,3,3,5,3,3,3,4,3,3,3,4,3,3,3,3,3,4,4,3,3.5,3.2,3.2,3.4
559,47,"Female","France",4.57,2.74,3.37,2.31,4.09,2.55,4,3,5,4,3,4,4,5,4,4,4,4,3,4,3,5,4,3,4,4.0,4.0,3.8,3.8
560,22,"Male","France",2.64,2.94,2.78,3.16,3.32,1.41,3,3,3,4,3,3,4,2,3,3,5,3,4,3,4,4,3,3,3,3.25,3.0,3.6,3.4
561,36,"Female","Spain",3.49,3.53,2.58,3.66,3.29,3.55,4,4,4,3,3,4,3,3,3,2,3,3,2,2,3,5,3,5,4,3.75,3.2,2.4,4.0
562,20,"Female","Spain",3.9,3.15,2.32,3.31,4.11,3.36,5,4,3,3,4,4,4,4,5,3,2,3,3,2,1,1,3,2,3,3.75,4.2,2.6,2.0
563,29,"Male","Germany",3.3,3.29,2.78,4.02,2.7,3.37,2,4,4,4,5,4,3,4,3,3,3,3,3,3,3,4,4,3,3,3.5,3.8,3.0,3.4
564,38,"Male","Italy",2.76,3.7,2.31,3.94,3.56,1.62,1,1,1,1,3,3,2,2,3,3,2,2,3,3,4,3,4,2,2,1.0,2.6,2.6,3.0
565,32,"Female","Italy",3.74,3.89,3.36,2.37,3.33,0.67,4,3,3,3,2,2,3,3,3,3,4,4,4,3,1,2,1,2,2,3.25,2.6,3.6,1.6
566,33,"Female","Italy",2.61,3.73,3.79,3.83,3.47,1.53,3,2,4,3,4,4,4,4,4,4,3,3,4,2,3,3,4,3,3,3.0,4.0,3.2,3.2
567,25,"Male","Italy",3.75,3.28,3.03,3.17,3.16,2.92,3,4,3,4,2,3,3,2,2,3,3,4,4,3,2,3,3,3,4,3.5,2.4,3.4,3.0
568,28,"Male","Spain",3.36,2.78,2.63,3.49,3.78,3.12,4,5,4,5,5,5,5,5,5,4,3,3,4,5,5,4,4,4,5,4.5,5.0,3.8,4.4
569,27,"Female","France",2.61,3.84,3.05,3.25,4.02,1.69,2,3,3,2,2,2,1,2,2,3,3,3,2,3,3,3,4,4,3,2.5,1.8,2.8,3.4
570,29,"Male","France",3.68,3.92,4.58,1.99,2.92,1.64,2,4,3,3,2,2,2,2,1,1,2,2,2,2,3,3,3,2,3,3.0,1.8,1.8,2.8
571,28,"Female","Spain",2.77,3.3,1.87,3.51,2.8,2.72,2,1,3,2,2,3,3,4,2,3,4,3,4,4,4,3,5,4,3,2.0,2.8,3.6,3.8
572,26,"Male","Germany",3.67,3.66,3.06,3.2,3.82,2.89,3,4,4,3,5,4,5,5,5,5,4,3,3,3,2,5,3,4,4,3.5,4.8,3.6,3.6
573,26,"Male","France",2.74,3.06,1.9,2.84,2.65,3.2,4,5,4,5,2,3,2,3,2,3,2,3,3,3,2,3,3,3,3,4.5,2.4,2.8,2.8
574,24,"Female","Italy",3.24,2.94,2.84,2.61,3.33,2.83,4,5,5,5,3,3,3,3,4,5,4,4,5,4,3,3,3,4,3,4.75,3.2,4.4,3.2
575,27,"Female","Germany",3.46,3.77,3.4,2.16,2.99,2.47,3,2,3,3,3,3,1,2,3,3,2,2,2,2,3,3,3,4,4,2.75,2.4,2.2,3.4
576,22,"Female","France",2.96,3.23,3.24,3.97,3.73,1.47,3,3,3,3,4,4,4,3,4,3,3,2,3,3,4,4,4,5,4,3.0,3.8,2.8,4.2
577,38,"Male","Germany",2.61,3.75,3.73,2.37,3.72,1.74,2,1,2,2,2,1,1,2,2,1,1,1,1,1,1,1,1,1,1,1.75,1.6,1.0,1.0
578,31,"Non-binary","France",3.1,2.55,3.31,3.11,3.1,1.23,4,5,4,5,3,3,3,2,3,3,3,3,4,3,2,1,1,2,2,4.5,2.8,3.2,1.6
579,22,"Female","Germany",3.18,3.07,3.51,3.06,3.38,2.06,4,5,5,5,1,1,1,1,1,3,2,3,3,3,3,2,3,2,3,4.75,1.0,2.8,2.6
580,33,"Male","Spain",3.41,2.73,2.61,1.91,3.55,2.3,3,2,4,2,3,3,3,2,2,3,4,3,3,3,1,1,1,1,1,2.75,2.6,3.2,1.0
581,37,"Male","France",2.47,3.41,3.47,3.28,2.48,3.24,2,1,1,1,2,2,2,2,2,2,3,2,2,2,4,4,5,4,5,1.25,2.0,2.2,4.4
582,24,"Male","France",3.16,4.39,4.56,2.98,3.65,0.91,3,3,4,3,3,2,4,4,4,2,2,3,1,2,3,3,2,3,2,3.25,3.4,2.0,2.6
583,22,"Female","Spain",2.6,3.87,3.27,3.49,2.85,1.7,3,3,4,3,4,4,4,3,4,2,2,3,3,3,3,3,3,2,3,3.25,3.8,2.6,2.8
584,18,"Male","France",3.1,3.49,3.45,3.15,2.96,3.09,4,4,3,5,2,3,3,3,3,3,3,4,3,3,2,2,3,3,3,4.0,2.8,3.2,2.6
585,20,"Female","Germany",2.39,4.39,4.92,2.91,2.54,2.87,1,1,2,2,2,2,2,2,2,2,2,3,3,3,4,4,3,3,3,1.5,2.0,2.6,3.4
586,34,"Male","Italy",2.74,3.66,4.11,2.03,3.19,2.35,3,2,3,2,1,2,1,1,1,1,2,2,2,2,2,1,1,1,1,2.5,1.2,1.8,1.2
587,46,"Non-binary","Spain",3.32,3.93,3.28,1.95,3.69,3.44,4,4,4,4,4,4,4,2,4,3,4,3,3,3,2,1,4,2,2,4.0,3.6,3.2,2.2
588,20,"Male","Spain",3.87,3.42,3.58,2.45,2.94,2.54,3,4,3,3,3,3,3,3,2,2,3,4,2,3,2,2,2,2,1,3.25,2.8,2.8,1.8
589,34,"Female","Spain",3.82,3.79,3.72,3.67,2.86,2.8,4,5,4,5,4,3,3,3,2,3,2,3,3,2,3,3,2,4,4,4.5,3.0,2.6,3.2
590,20,"Male","Spain",2.87,3.46,2.96,3.49,3.12,2.96,4,4,4,4,4,4,3,3,4,4,3,3,3,4,4,4,4,4,3,4.0,3.6,3.4,3.8
591,31,"Male","Germany",2.6,3.38,3.35,3.49,3.43,1.5,3,2,1,3,4,4,4,4,4,3,3,2,2,3,5,4,4,4,5,2.25,4.0,2.6,4.4
592,34,"Female","France",3.48,3.72,3.28,2.64,3.52,2.95,4,4,2,3,2,4,3,3,3,3,3,2,3,3,4,4,4,3,3,3.25,3.0,2.8,3.6
593,27,"Female","Spain",3.0,4.49,4.34,3.07,3.62,1.42,3,3,4,2,5,4,3,3,4,1,1,2,2,2,1,2,3,3,3,3.0,3.8,1.6,2.4
594,18,"Female","France",3.15,2.74,2.94,3.36,3.36,3.02,3,2,3,2,3,2,3,3,2,2,1,2,3,3,5,3,4,4,4,2.5,2.6,2.2,4.0
595,31,"Male","Spain",3.48,3.98,3.1,2.48,4.21,2.34,3,3,2,2,4,5,4,3,4,1,1,2,2,2,2,3,1,1,4,2.5,4.0,1.6,2.2
596,47,"Female","Spain",3.66,3.31,3.24,2.98,3.39,2.78,5,4,4,4,4,3,3,3,3,3,3,3,2,3,2,1,2,2,3,4.25,3.2,2.8,2.0
597,25,"Female","Italy",3.48,5.0,3.88,3.1,2.51,1.08,3,3,2,3,2,3,2,3,3,4,3,4,4,4,1,3,1,3,3,2.75,2.6,3.8,2.2
598,23,"Female","Italy",2.91,4.2,3.71,1.0,3.65,2.4,4,4,5,4,2,2,2,3,1,2,3,2,1,2,1,1,2,1,3,4.25,2.0,2.0,1.6
599,22,"Male","Germany",4.35,2.32,3.93,1.1,4.0,3.73,4,5,3,3,1,3,3,3,3,3,3,2,3,3,2,1,1,2,2,3.75,2.6,2.8,1.6
600,30,"Female","Italy",3.19,2.1,3.15,3.91,3.43,2.4,3,4,3,3,4,3,4,3,4,5,5,4,5,5,2,2,4,3,3,3.25,3.6,4.8,2.8
601,31,"Female","France",3.55,3.29,2.2,3.78,4.32,3.15,5,4,4,4,4,3,4,3,4,3,4,4,4,3,2,4,3,3,3,4.25,3.6,3.6,3.0
602,35,"Female","Italy",3.88,2.38,2.16,2.97,2.34,1.64,3,2,3,2,4,4,4,5,4,3,3,3,4,3,4,4,3,3,4,2.5,4.2,3.2,3.6
603,34,"Male","Germany",3.23,3.64,2.56,3.52,3.64,2.72,3,4,3,3,4,5,5,5,5,3,3,3,3,3,5,5,4,5,3,3.25,4.8,3.0,4.4
604,38,"Male","Italy",2.87,3.26,2.13,3.13,3.16,0.51,1,1,1,1,2,3,2,2,2,4,3,3,3,4,3,3,2,3,2,1.0,2.2,3.4,2.6
605,36,"Female","Germany",3.3,3.74,3.52,2.84,3.51,2.72,4,5,4,3,2,1,2,2,2,2,2,2,2,2,1,2,1,2,2,4.0,1.8,2.0,1.6
606,24,"Female","Italy",3.8,3.5,3.52,2.84,3.05,2.05,2,1,2,2,3,3,3,4,2,3,2,3,2,3,2,2,3,2,2,1.75,3.0,2.6,2.2
607,30,"Female","Germany",3.51,3.2,3.46,3.04,3.17,2.74,4,4,3,3,3,3,3,2,3,3,4,3,4,3,4,3,3,3,2,3.5,2.8,3.4,3.0
608,25,"Male","Spain",3.0,3.08,2.25,3.5,3.32,2.31,4,4,3,5,4,5,4,3,4,5,4,5,4,4,4,4,3,3,3,4.0,4.0,4.4,3.4
609,26,"Male","Italy",3.71,3.13,4.34,2.32,2.93,2.71,4,5,4,4,3,3,4,3,3,2,1,1,1,1,1,3,2,1,1,4.25,3.2,1.2,1.6
610,40,"Female","France",2.6,2.41,3.82,3.88,3.52,2.08,2,1,2,2,3,2,3,1,3,2,2,2,3,2,4,3,4,4,5,1.75,2.4,2.2,4.0
611,33,"Male","France",2.66,4.43,3.37,2.72,4.1,1.84,2,2,2,2,2,2,3,2,2,2,2,2,3,3,3,4,3,4,3,2.0,2.2,2.4,3.4
612,44,"Male","Italy",3.6,4.75,3.88,2.3,3.13,1.86,3,3,3,2,1,3,2,2,2,2,3,4,3,2,2,1,3,3,1,2.75,2.0,2.8,2.0
613,28,"Female","Germany",2.09,3.22,3.79,3.48,3.13,3.7,3,3,3,3,5,4,4,3,4,3,3,4,4,4,3,3,3,2,3,3.0,4.0,3.6,2.8
614,30,"Female","Germany",2.6,3.58,3.86,3.25,3.33,0.93,1,2,1,1,3,2,3,2,2,4,3,5,4,4,4,3,3,3,4,1.25,2.4,4.0,3.4
615,29,"Female","Spain",2.72,3.97,1.62,3.86,4.64,3.36,3,3,4,3,3,2,4,4,3,3,3,3,4,3,4,3,4,4,4,3.25,3.2,3.2,3.8
616,21,"Male","Italy",2.29,3.17,3.16,2.86,3.71,1.87,3,4,4,4,2,2,2,2,2,3,2,3,3,3,2,2,3,2,2,3.75,2.0,2.8,2.2
617,24,"Male","Italy",3.48,3.52,3.81,2.7,5.0,3.28,4,5,4,3,4,3,3,3,3,2,3,3,3,3,1,2,2,2,2,4.0,3.2,2.8,1.8
618,30,"Female","Spain",3.29,3.63,2.37,3.06,3.93,3.35,5,4,5,4,2,3,3,2,2,3,3,3,3,3,4,4,3,4,3,4.5,2.4,3.0,3.6
619,20,"Male","Spain",2.4,2.03,2.85,4.06,3.08,2.26,3,4,3,3,3,2,3,3,3,3,2,2,3,3,4,4,4,5,3,3.25,2.8,2.6,4.0
620,40,"Male","Spain",3.0,2.27,3.22,3.41,2.15,1.09,2,2,2,1,3,3,2,2,3,3,2,3,3,3,4,4,4,4,3,1.75,2.6,2.8,3.8
621,22,"Male","Italy",3.88,3.93,4.14,2.81,3.9,0.79,3,3,3,2,4,2,3,3,2,1,1,1,1,1,3,4,4,3,3,2.75,2.8,1.0,3.4
622,23,"Female","France",3.51,4.05,2.44,2.44,2.89,2.33,4,4,4,4,3,4,2,3,2,4,2,3,4,3,3,3,3,3,2,4.0,2.8,3.2,2.8
623,34,"Female","Germany",3.12,3.72,3.55,3.62,4.0,2.52,2,2,2,2,2,3,3,4,3,3,3,2,3,2,3,2,2,2,3,2.0,3.0,2.6,2.4
624,21,"Female","France",2.68,3.59,2.8,3.23,3.36,1.62,2,3,2,3,3,3,4,3,3,4,5,4,5,3,3,3,4,4,5,2.5,3.2,4.2,3.8
625,39,"Female","Germany",1.15,4.73,3.85,2.8,4.15,2.23,3,3,1,2,3,3,2,2,2,2,2,3,3,3,3,4,2,3,2,2.25,2.4,2.6,2.8
626,34,"Male","France",2.99,3.46,3.03,3.91,3.21,1.94,4,4,5,4,4,4,4,4,4,3,2,3,3,2,5,5,5,5,5,4.25,4.0,2.6,5.0
627,20,"Male","Italy",3.29,4.13,3.85,2.63,4.05,2.68,3,5,4,4,1,2,1,1,1,3,1,1,1,2,2,3,3,1,2,4.0,1.2,1.6,2.2
628,33,"Male","Spain",4.72,3.74,3.58,2.63,4.39,2.4,5,5,4,4,3,3,3,3,3,1,2,1,2,1,3,3,3,3,3,4.5,3.0,1.4,3.0
629,32,"Male","France",2.84,3.2,2.34,2.61,2.84,1.73,2,2,2,1,3,3,3,2,3,1,3,3,3,2,2,4,3,3,3,1.75,2.8,2.4,3.0
630,34,"Male","Germany",3.17,4.45,3.92,2.11,2.96,2.16,3,3,3,3,3,2,2,1,3,3,4,3,2,2,2,3,2,2,2,3.0,2.2,2.8,2.2
631,36,"Male","Germany",4.02,4.16,3.6,2.35,4.17,1.87,4,3,3,3,2,3,2,3,3,3,2,2,3,2,2,2,3,2,3,3.25,2.6,2.4,2.4
632,33,"Male","Germany",2.6,3.57,4.61,2.68,2.83,2.32,3,5,3,4,5,4,3,2,3,4,2,4,3,2,3,3,3,3,4,3.75,3.4,3.0,3.2
633,31,"Female","Spain",3.45,3.24,2.45,3.73,3.94,1.79,4,3,2,2,4,3,4,3,4,3,3,2,3,3,4,3,4,4,4,2.75,3.6,2.8,3.8
634,26,"Female","France",3.01,3.26,2.66,3.27,2.88,1.51,3,3,2,3,5,5,5,5,4,4,3,2,3,3,5,4,4,5,3,2.75,4.8,3.0,4.2
635,33,"Male","Spain",2.59,4.47,3.84,3.04,3.81,3.58,4,4,3,4,3,3,4,4,4,3,3,2,2,3,3,4,3,4,2,3.75,3.6,2.6,3.2
636,42,"Female","Spain",3.66,3.3,3.44,2.84,3.63,2.17,3,3,4,3,3,2,3,3,3,4,4,4,4,3,1,3,3,2,4,3.25,2.8,3.8,2.6
637,31,"Female","Italy",3.41,3.29,2.5,3.41,3.16,0.57,2,2,2,3,3,3,3,3,3,4,4,4,3,4,3,3,4,3,4,2.25,3.0,3.8,3.4
638,32,"Female","Italy",2.07,3.69,3.83,4.49,2.94,2.77,5,4,5,5,1,2,2,2,1,2,4,4,2,3,3,1,3,2,3,4.75,1.6,3.0,2.4
639,28,"Female","Italy",2.88,2.81,3.19,3.36,2.72,2.65,3,2,3,2,2,2,2,3,2,4,5,3,5,4,4,4,5,4,4,2.5,2.2,4.2,4.2
640,34,"Male","Germany",3.1,2.21,3.48,2.54,3.19,1.87,3,3,3,4,2,1,1,2,2,2,2,2,3,2,2,2,2,1,2,3.25,1.6,2.2,1.8
641,51,"Female","Italy",2.34,3.07,2.98,3.34,3.37,3.11,3,3,2,3,2,3,3,4,3,4,4,4,5,4,4,4,3,5,4,2.75,3.0,4.2,4.0
642,23,"Male","Germany",4.06,3.92,4.06,3.28,3.9,2.47,4,4,4,4,4,4,3,4,3,2,1,2,3,2,3,3,3,3,3,4.0,3.6,2.0,3.0
643,23,"Male","Spain",3.18,4.0,4.08,2.97,2.54,2.86,4,3,3,3,3,3,3,3,3,3,2,2,2,2,2,3,4,3,4,3.25,3.0,2.2,3.2
644,30,"Male","Spain",2.7,3.19,3.65,2.88,3.88,3.14,2,3,4,4,3,3,4,3,3,3,3,3,4,4,2,3,2,2,3,3.25,3.2,3.4,2.4
645,29,"Male","Italy",3.99,4.19,4.28,1.83,3.83,3.04,4,4,5,4,3,2,2,3,2,1,1,1,1,2,1,1,2,1,1,4.25,2.4,1.2,1.2
646,30,"Male","Germany",2.84,2.38,2.81,3.93,3.43,1.06,2,2,3,2,4,5,5,5,5,4,4,4,4,4,3,3,3,3,2,2.25,4.8,4.0,2.8
647,20,"Male","Spain",4.41,3.63,4.84,2.32,3.65,3.28,5,5,5,5,3,4,3,4,4,2,2,2,2,2,4,3,5,3,3,5.0,3.6,2.0,3.6
648,27,"Female","France",2.43,4.09,3.13,2.87,3.92,3.23,3,2,3,3,2,1,1,2,1,3,4,4,3,3,1,4,3,2,4,2.75,1.4,3.4,2.8
649,31,"Male","Italy",3.89,4.15,3.36,2.67,3.44,2.38,5,5,4,4,2,3,4,3,3,2,3,2,3,3,4,3,4,3,3,4.5,3.0,2.6,3.4
650,31,"Male","Spain",3.67,4.37,3.83,3.66,4.03,3.27,3,3,4,3,3,3,2,3,3,3,3,2,4,3,5,3,5,4,3,3.25,2.8,3.0,4.0
651,32,"Male","France",3.06,3.88,4.41,3.63,4.1,2.12,3,3,2,2,3,3,3,3,3,3,4,3,2,3,3,4,3,3,3,2.5,3.0,3.0,3.2
652,33,"Male","Germany",3.22,3.27,3.6,3.73,3.59,2.44,4,2,2,2,2,2,3,2,2,2,3,2,2,2,3,3,3,3,3,2.5,2.2,2.2,3.0
653,32,"Male","Italy",3.47,3.46,3.15,2.8,3.42,0.99,2,1,3,2,2,3,2,2,3,1,2,2,3,2,3,3,2,3,4,2.0,2.4,2.0,3.0
654,35,"Male","Spain",4.23,3.36,3.4,2.22,3.9,2.27,4,3,3,4,2,2,3,2,3,3,3,3,3,1,2,1,1,3,3,3.5,2.4,2.6,2.0
655,31,"Male","Germany",4.02,4.45,3.79,2.84,3.47,1.97,2,3,2,4,3,3,4,2,3,2,3,2,3,3,2,3,2,2,2,2.75,3.0,2.6,2.2
656,30,"Female","Spain",3.52,3.72,3.42,3.07,3.65,3.29,4,5,4,5,4,5,4,4,4,2,3,2,3,2,3,4,3,3,3,4.5,4.2,2.4,3.2
657,31,"Female","Germany",3.02,3.34,4.22,4.35,2.65,1.99,3,1,2,2,3,3,3,2,3,2,2,3,3,3,4,4,2,2,3,2.0,2.8,2.6,3.0
658,21,"Female","Spain",2.44,2.85,2.99,3.88,3.46,2.65,3,2,2,3,5,4,5,4,4,5,5,5,4,5,2,3,3,3,3,2.5,4.4,4.8,2.8
659,25,"Female","France",3.3,3.83,3.0,3.01,3.31,1.97,3,2,3,3,3,3,3,3,3,3,3,3,3,3,3,2,3,2,3,2.75,3.0,3.0,2.6
660,30,"Female","France",2.25,2.71,2.36,4.03,3.17,2.23,4,4,3,4,5,5,5,5,4,3,4,4,4,3,5,5,5,5,5,3.75,4.8,3.6,5.0
661,38,"Non-binary","Spain",3.57,2.34,2.18,3.64,1.62,2.05,3,2,1,2,3,1,2,3,3,1,3,2,2,2,2,2,2,2,2,2.0,2.4,2.0,2.0
662,32,"Female","Germany",3.93,2.48,3.54,2.51,3.99,2.27,4,4,5,4,3,2,3,3,2,2,4,3,2,2,2,2,4,3,2,4.25,2.6,2.6,2.6
663,21,"Female","Spain",5.0,2.34,3.48,1.85,3.82,4.36,5,5,5,5,3,3,3,3,2,3,4,3,3,3,3,2,1,3,1,5.0,2.8,3.2,2.0
664,31,"Female","Spain",3.08,3.57,2.79,3.7,2.41,2.25,3,4,3,2,3,4,3,3,3,4,4,3,4,3,3,5,4,3,3,3.0,3.2,3.6,3.6
665,24,"Female","Spain",3.94,3.33,2.5,4.13,3.36,2.07,4,4,2,3,5,4,4,4,4,4,4,4,3,4,4,3,4,4,4,3.25,4.2,3.8,3.8
666,34,"Male","Italy",4.34,4.24,3.18,2.62,3.63,2.56,2,2,4,3,2,2,2,3,2,3,2,4,4,3,3,3,3,4,2,2.75,2.2,3.2,3.0
667,36,"Male","Germany",4.12,3.75,3.58,2.52,3.48,2.96,4,4,5,3,2,3,4,4,3,3,3,3,3,3,3,3,4,3,4,4.0,3.2,3.0,3.4
668,31,"Male","Germany",3.98,3.48,3.16,2.5,3.11,1.02,2,3,3,3,3,3,2,3,2,3,4,4,2,3,4,4,4,3,2,2.75,2.6,3.2,3.4
669,31,"Male","Spain",2.36,2.87,3.94,2.77,3.56,1.77,3,3,3,3,3,2,2,3,3,2,3,3,3,3,3,3,4,4,4,3.0,2.6,2.8,3.6
670,26,"Female","France",1.71,3.69,3.16,3.1,3.12,3.03,3,3,3,3,3,3,2,1,1,5,3,4,5,3,4,4,3,4,3,3.0,2.0,4.0,3.6
671,28,"Male","Spain",2.9,2.1,3.43,3.16,2.99,2.69,4,4,4,4,3,3,2,3,4,3,2,4,2,3,4,4,3,4,3,4.0,3.0,2.8,3.6
672,37,"Female","France",2.62,2.56,3.12,4.21,3.26,1.27,4,4,3,4,3,3,2,3,3,2,3,2,2,2,4,3,3,4,3,3.75,2.8,2.2,3.4
673,33,"Female","Germany",2.37,3.55,3.23,3.72,3.51,2.18,2,3,2,2,1,2,3,3,2,4,3,3,3,4,4,3,5,4,3,2.25,2.2,3.4,3.8
674,29,"Female","Italy",1.41,3.65,2.64,2.79,2.8,1.29,1,2,1,1,2,3,3,4,3,4,4,4,4,4,3,3,3,4,3,1.25,3.0,4.0,3.2
675,27,"Male","France",3.45,2.45,3.44,3.33,3.33,2.34,4,4,4,4,2,4,4,4,4,4,4,5,5,4,3,3,3,3,1,4.0,3.6,4.4,2.6
676,20,"Male","France",2.68,2.76,3.65,2.11,3.79,1.62,3,3,2,3,1,2,2,1,2,3,4,3,3,3,1,1,1,2,2,2.75,1.6,3.2,1.4
677,22,"Female","Germany",3.1,3.43,2.29,3.36,3.57,2.31,1,1,2,1,3,3,4,3,3,5,5,5,5,5,3,3,2,2,2,1.25,3.2,5.0,2.4
678,23,"Female","France",2.4,3.72,3.35,2.84,3.66,1.42,3,3,4,4,2,1,2,3,3,4,3,3,4,3,4,3,3,2,4,3.5,2.2,3.4,3.2
679,27,"Non-binary","Spain",1.88,3.47,4.15,3.64,3.36,1.29,3,3,2,2,3,4,4,3,4,3,3,3,3,3,3,4,3,4,4,2.5,3.6,3.0,3.6
680,41,"Female","France",3.02,3.1,3.01,3.54,2.76,2.49,3,3,3,3,4,4,4,5,4,3,3,2,3,3,2,3,2,2,3,3.0,4.2,2.8,2.4
681,29,"Female","Spain",3.65,4.82,3.68,2.05,2.69,4.26,5,4,4,4,2,3,3,2,3,3,3,3,3,4,3,4,2,2,3,4.25,2.6,3.2,2.8
682,24,"Male","Spain",3.67,3.41,3.83,2.37,3.9,3.24,4,5,4,4,3,2,2,2,1,2,2,1,2,3,3,3,2,3,1,4.25,2.0,2.0,2.4
683,21,"Male","Spain",3.11,2.95,2.93,2.42,4.38,2.64,5,4,5,5,5,5,5,5,4,3,4,3,4,3,4,4,5,5,5,4.75,4.8,3.4,4.6
684,26,"Male","France",3.14,3.78,3.1,2.36,3.15,3.72,4,3,4,3,2,3,3,3,3,3,2,3,3,3,3,3,2,3,3,3.5,2.8,2.8,2.8
685,36,"Female","Italy",3.86,3.26,2.79,3.25,3.67,2.31,4,5,4,4,3,4,4,3,4,4,4,4,3,3,2,2,3,1,2,4.25,3.6,3.6,2.0
686,27,"Female","Spain",4.19,3.81,3.83,3.15,2.87,2.55,3,2,3,2,4,4,3,2,4,3,3,4,3,3,4,2,1,4,4,2.5,3.4,3.2,3.0
687,35,"Male","France",2.62,2.7,2.3,3.79,3.27,2.64,4,3,3,2,4,4,5,4,4,4,4,4,5,4,4,5,4,5,4,3.0,4.2,4.2,4.4
688,35,"Female","Germany",3.25,1.96,4.03,2.51,4.44,2.25,4,4,4,5,4,4,4,3,4,1,1,1,1,1,1,2,1,2,3,4.25,3.8,1.0,1.8
689,21,"Male","Italy",2.33,2.83,1.81,3.76,2.37,2.82,3,3,4,2,3,2,3,4,3,4,4,3,4,3,2,3,3,3,2,3.0,3.0,3.6,2.6
690,31,"Male","France",2.56,2.52,3.44,3.43,4.2,2.58,4,5,4,4,5,3,4,3,3,4,4,4,4,3,3,3,4,3,4,4.25,3.6,3.8,3.4
691,42,"Male","Spain",2.79,3.49,2.58,2.98,2.87,2.47,2,2,2,3,2,2,2,2,3,4,5,4,3,5,2,2,2,2,2,2.25,2.2,4.2,2.0
692,27,"Male","Germany",3.48,4.04,4.07,2.1,4.01,2.3,5,5,5,5,4,3,5,3,3,3,3,4,3,3,3,3,3,3,4,5.0,3.6,3.2,3.2
693,20,"Female","Spain",3.17,3.3,2.83,2.97,4.26,3.94,5,5,5,5,5,5,3,4,3,4,4,5,4,4,3,3,4,3,4,5.0,4.0,4.2,3.4
694,40,"Male","Spain",3.38,3.52,3.21,4.22,4.13,2.31,4,4,3,4,5,4,4,3,4,3,2,4,4,4,5,5,5,5,5,3.75,4.0,3.4,5.0
695,38,"Female","Germany",2.77,3.29,3.1,3.32,2.78,3.24,2,2,3,2,4,4,3,4,3,3,3,3,3,3,2,1,1,2,2,2.25,3.6,3.0,1.6
696,29,"Female","France",3.46,4.39,2.83,2.5,3.08,3.05,4,5,5,4,3,4,3,3,3,4,4,4,3,3,3,3,2,3,3,4.5,3.2,3.6,2.8
697,30,"Male","Italy",2.94,4.57,4.2,3.08,3.24,2.87,2,1,2,2,1,1,1,1,2,2,2,2,2,2,2,4,3,3,4,1.75,1.2,2.0,3.2
698,24,"Male","France",3.03,2.52,3.47,3.23,3.98,2.54,2,2,1,3,2,3,3,3,3,3,3,3,3,2,2,3,3,2,3,2.0,2.8,2.8,2.6
699,36,"Female","Italy",3.07,3.4,3.37,3.59,2.43,2.7,5,3,4,4,4,5,5,4,4,4,3,3,3,3,4,3,5,3,4,4.0,4.4,3.2,3.8
700,29,"Male","Spain",3.64,3.43,2.74,1.85,3.24,3.32,3,3,4,4,3,2,2,2,2,2,2,1,2,3,2,2,2,1,3,3.5,2.2,2.0,2.0
701,19,"Female","Spain",4.07,4.59,3.87,3.78,3.57,3.47,3,4,4,4,5,5,4,4,3,4,4,4,4,4,4,3,3,3,3,3.75,4.2,4.0,3.2
702,33,"Male","Spain",3.77,3.19,2.99,2.54,2.16,2.82,4,3,3,3,3,4,4,3,3,3,2,4,3,3,2,3,4,2,4,3.25,3.4,3.0,3.0
703,42,"Female","Spain",3.97,3.19,2.82,2.48,3.26,0.0,1,2,1,1,3,2,2,2,2,3,2,2,3,3,1,2,2,2,1,1.25,2.2,2.6,1.6
704,36,"Female","Germany",4.26,4.86,2.83,2.74,2.94,1.87,2,3,1,3,2,2,2,1,2,2,4,3,3,3,2,3,2,2,3,2.25,1.8,3.0,2.4
705,25,"Male","Spain",3.79,3.63,3.04,2.91,3.13,3.43,4,3,2,3,2,2,2,3,2,4,4,2,4,3,3,3,3,4,3,3.0,2.2,3.4,3.2
706,20,"Male","France",4.17,3.82,3.87,1.07,3.47,2.48,5,5,5,5,2,2,1,3,3,3,2,2,2,2,2,2,2,2,1,5.0,2.2,2.2,1.8
707,41,"Female","Italy",4.45,4.42,2.62,2.84,2.84,3.58,4,5,2,4,1,3,2,2,2,1,1,2,2,2,2,4,2,1,2,3.75,2.0,1.6,2.2
708,41,"Male","Italy",4.23,3.65,3.02,2.8,1.97,3.14,3,4,3,3,5,5,5,4,4,2,2,2,2,2,4,4,4,5,3,3.25,4.6,2.0,4.0
709,30,"Male","France",2.55,3.36,3.73,1.81,2.95,2.0,2,3,2,4,2,2,3,1,2,3,2,3,2,3,3,3,2,3,4,2.75,2.0,2.6,3.0
710,32,"Male","France",3.81,2.59,3.24,2.93,4.36,0.78,2,2,2,3,3,3,3,3,4,2,2,2,2,2,3,2,1,2,1,2.25,3.2,2.0,1.8
711,28,"Male","Germany",3.06,3.28,3.74,2.07,3.15,2.37,4,4,5,4,1,2,1,1,2,3,2,2,3,3,1,1,1,1,1,4.25,1.4,2.6,1.0
712,28,"Female","Italy",2.93,3.39,3.73,3.33,2.84,4.17,3,4,4,3,2,1,2,1,2,3,4,3,4,4,2,1,2,2,2,3.5,1.6,3.6,1.8
713,22,"Female","Germany",3.28,4.4,3.09,3.16,3.25,2.61,5,4,5,5,2,4,3,4,3,5,5,4,4,4,4,5,4,4,4,4.75,3.2,4.4,4.2
714,21,"Male","Germany",3.16,2.42,3.81,2.42,3.85,3.07,5,5,5,5,5,5,4,5,5,3,4,3,3,3,4,4,4,3,4,5.0,4.8,3.2,3.8
715,24,"Female","Italy",2.83,3.09,3.84,3.58,3.37,1.21,2,1,2,2,2,2,2,1,2,4,3,3,3,3,3,3,5,3,4,1.75,1.8,3.2,3.6
716,36,"Male","Spain",3.66,3.27,3.3,2.47,3.9,3.3,3,4,3,3,3,4,4,4,3,5,4,4,4,4,3,3,2,3,4,3.25,3.6,4.2,3.0
717,22,"Male","France",2.78,4.25,3.33,2.9,3.72,2.19,3,3,4,4,2,2,2,2,2,1,1,1,1,2,1,2,2,2,1,3.5,2.0,1.2,1.6
718,24,"Female","Spain",3.21,3.32,3.23,3.63,2.91,2.25,4,3,4,4,3,3,4,5,3,4,4,3,2,3,4,4,4,4,4,3.75,3.6,3.2,4.0
719,30,"Non-binary","Italy",3.12,3.4,3.79,2.7,4.37,3.65,3,3,4,4,5,4,3,4,3,4,3,4,4,3,2,3,3,3,2,3.5,3.8,3.6,2.6
720,24,"Male","Germany",3.11,3.25,3.15,2.26,2.64,2.87,3,3,3,4,2,2,2,4,2,3,3,3,3,2,3,3,3,2,3,3.25,2.4,2.8,2.8
721,23,"Male","France",2.88,4.05,3.44,2.59,4.0,2.46,5,5,4,4,3,3,3,3,3,4,3,4,2,3,1,1,1,1,2,4.5,3.0,3.2,1.2
722,30,"Female","France",4.13,4.34,3.13,2.65,4.57,1.62,2,3,4,3,3,3,4,4,4,2,3,3,3,3,3,2,4,2,2,3.0,3.6,2.8,2.6
723,27,"Female","Spain",3.34,3.35,3.68,3.53,3.02,3.0,3,2,2,3,3,3,2,2,3,2,2,3,3,3,4,4,3,4,5,2.5,2.6,2.6,4.0
724,31,"Male","Germany",3.33,3.97,2.82,2.98,2.68,2.08,2,2,3,2,4,4,4,3,4,3,3,4,3,3,3,2,3,2,3,2.25,3.8,3.2,2.6
725,39,"Male","Spain",2.61,3.0,3.43,2.8,2.79,0.93,3,3,1,1,2,2,2,2,2,3,2,1,2,2,3,1,4,3,2,2.0,2.0,2.0,2.6
726,22,"Female","Spain",3.23,2.82,3.34,3.78,3.24,0.96,2,3,4,3,4,4,3,4,5,3,3,3,3,3,2,2,1,2,2,3.0,4.0,3.0,1.8
727,39,"Male","Spain",3.08,3.61,2.21,3.52,5.0,1.74,3,3,4,3,4,4,4,4,4,5,5,4,4,3,4,5,4,3,3,3.25,4.0,4.2,3.8
728,39,"Male","Spain",3.13,3.32,3.71,3.69,3.9,1.48,2,3,2,4,3,4,3,4,4,3,2,2,3,2,3,4,1,3,3,2.75,3.6,2.4,2.8
729,36,"Male","France",1.91,3.61,4.75,2.98,2.49,0.27,2,1,2,2,2,2,1,1,2,3,2,3,2,3,4,3,4,3,2,1.75,1.6,2.6,3.2
730,32,"Male","France",3.37,2.65,3.8,2.26,3.35,2.13,3,4,4,4,2,3,2,3,2,3,3,3,2,3,1,1,1,2,2,3.75,2.4,2.8,1.4
731,31,"Male","Spain",2.69,3.02,4.0,2.85,2.9,1.69,2,4,3,4,2,3,3,2,3,4,3,2,3,2,4,3,3,3,3,3.25,2.6,2.8,3.2
732,32,"Female","Spain",2.51,2.31,2.19,3.72,3.6,2.48,4,4,4,3,4,3,4,4,4,3,3,3,2,3,4,3,5,4,5,3.75,3.8,2.8,4.2
733,33,"Female","Spain",2.86,4.4,3.14,2.98,2.65,3.43,2,3,3,2,4,3,4,4,3,2,2,2,3,2,2,2,3,3,2,2.5,3.6,2.2,2.4
734,19,"Female","France",3.79,4.81,2.71,2.88,4.19,2.82,4,4,5,4,4,4,2,4,4,3,4,3,2,4,3,3,3,3,4,4.25,3.6,3.2,3.2
735,42,"Non-binary","Spain",2.33,3.65,4.02,2.82,3.52,1.78,3,1,2,1,1,1,1,1,1,3,4,4,4,4,2,3,3,2,3,1.75,1.0,3.8,2.6
736,31,"Male","Italy",4.26,4.67,3.71,2.19,3.06,3.1,4,4,3,4,2,2,1,1,1,3,3,3,3,3,2,1,1,1,1,3.75,1.4,3.0,1.2
737,35,"Male","Spain",3.79,2.64,2.98,3.02,3.05,2.67,4,4,3,4,2,2,2,2,2,3,2,3,2,3,2,3,2,3,3,3.75,2.0,2.6,2.6
738,27,"Female","Spain",3.37,5.0,3.69,2.57,4.04,2.85,4,3,4,4,3,3,3,4,3,3,2,3,3,2,3,3,3,3,2,3.75,3.2,2.6,2.8
739,18,"Male","France",3.34,4.27,3.65,2.56,2.36,3.11,4,3,4,4,1,2,3,2,1,3,3,2,3,4,3,1,3,3,3,3.75,1.8,3.0,2.6
740,29,"Female","France",2.23,2.31,3.1,2.68,3.75,2.14,2,2,2,3,2,3,2,3,2,2,2,2,2,2,4,3,2,3,4,2.25,2.4,2.0,3.2
741,29,"Female","Spain",3.22,3.36,2.78,3.61,2.8,4.75,3,4,5,4,5,3,3,4,4,3,4,4,5,4,4,4,3,4,3,4.0,3.8,4.0,3.6
742,28,"Male","Spain",2.61,4.05,3.65,2.7,3.62,2.89,3,3,3,2,1,2,1,1,3,3,2,3,2,3,2,3,2,3,3,2.75,1.6,2.6,2.6
743,26,"Male","Germany",3.21,3.63,2.9,4.14,2.98,2.17,4,4,4,4,5,5,4,4,4,3,3,4,5,3,4,5,4,4,4,4.0,4.4,3.6,4.2
744,24,"Male","Spain",4.13,3.38,3.82,3.0,4.19,3.28,4,4,4,5,3,4,3,4,4,2,2,3,4,2,3,3,1,3,4,4.25,3.6,2.6,2.8
745,30,"Male","France",2.7,3.99,4.49,2.42,3.33,2.48,5,5,4,4,1,1,1,1,1,3,2,3,2,2,3,3,3,3,3,4.5,1.0,2.4,3.0
746,27,"Male","France",2.89,3.16,4.18,2.15,2.72,2.31,3,2,2,2,1,2,1,2,1,2,2,1,2,1,3,3,3,3,2,2.25,1.4,1.6,2.8
747,43,"Male","Spain",4.17,3.87,4.73,2.0,3.67,1.01,2,3,3,1,2,2,2,3,2,1,1,1,1,2,2,2,1,1,4,2.25,2.2,1.2,2.0
748,23,"Female","France",2.8,3.55,2.27,3.86,3.36,1.57,4,2,4,3,5,5,5,5,5,5,4,4,4,4,3,3,4,4,3,3.25,5.0,4.2,3.4
749,26,"Female","Italy",3.17,3.26,2.72,3.71,2.57,2.21,2,1,2,2,5,5,4,4,5,2,2,1,2,3,3,2,3,3,3,1.75,4.6,2.0,2.8
750,25,"Female","Germany",3.51,4.77,4.54,1.73,3.18,2.85,1,2,3,2,1,1,1,1,1,1,1,1,1,2,1,1,1,2,1,2.0,1.0,1.2,1.2
751,30,"Male","Spain",3.45,3.38,2.52,3.31,3.3,3.2,4,5,4,4,2,3,3,4,4,5,5,4,3,4,3,3,3,3,3,4.25,3.2,4.2,3.0
752,29,"Male","Spain",4.35,3.36,4.04,1.79,2.94,3.39,3,5,4,4,1,2,1,1,2,2,2,2,2,2,1,1,1,1,1,4.0,1.4,2.0,1.0
753,32,"Male","Spain",3.63,4.09,2.99,2.87,2.6,2.59,3,3,3,3,5,4,4,5,5,3,4,3,4,4,4,2,3,3,3,3.0,4.6,3.6,3.0
754,42,"Male","France",3.09,3.89,3.2,2.75,2.64,2.16,1,2,3,2,3,3,3,3,3,3,4,3,3,4,4,4,4,4,4,2.0,3.0,3.4,4.0
755,25,"Female","Italy",2.81,4.51,3.61,2.43,3.11,1.94,2,2,3,4,2,2,2,2,3,4,5,4,4,4,4,3,3,3,2,2.75,2.2,4.2,3.0
756,33,"Male","Spain",2.24,2.7,3.81,2.88,4.21,3.59,3,5,4,5,3,2,3,3,3,3,2,3,2,2,2,2,2,2,3,4.25,2.8,2.4,2.2
757,19,"Male","Spain",3.14,3.37,3.64,1.35,3.39,3.18,3,3,3,4,2,3,3,4,3,2,3,3,2,2,1,1,2,1,2,3.25,3.0,2.4,1.4
758,25,"Female","Germany",3.17,4.38,4.1,2.16,4.11,2.16,2,4,2,2,3,3,3,4,3,1,2,2,2,3,2,3,3,3,3,2.5,3.2,2.0,2.8
759,28,"Male","Spain",3.04,2.84,3.24,2.88,4.13,2.88,4,4,4,3,4,4,4,4,4,4,4,4,4,2,3,2,3,3,3,3.75,4.0,3.6,2.8
760,19,"Male","France",3.4,3.54,3.86,3.29,3.86,3.91,4,5,3,4,4,3,4,4,3,2,3,3,3,3,3,3,5,3,3,4.0,3.6,2.8,3.4
761,31,"Male","Italy",4.05,3.85,3.59,3.31,3.47,3.55,5,5,5,5,3,4,4,3,4,4,4,3,5,4,3,3,4,5,5,5.0,3.6,4.0,4.0
762,32,"Female","Spain",3.22,4.53,4.53,2.62,3.18,2.34,2,2,3,3,2,3,2,4,2,1,1,2,3,2,3,4,2,3,2,2.5,2.6,1.8,2.8
763,34,"Female","Spain",4.08,4.07,3.71,2.6,3.71,3.4,5,4,3,5,4,4,3,5,4,4,4,3,4,3,2,2,2,2,3,4.25,4.0,3.6,2.2
764,29,"Male","Spain",3.19,3.0,3.26,3.1,3.05,2.9,4,5,4,3,4,3,4,4,4,4,4,3,3,3,3,3,5,3,3,4.0,3.8,3.4,3.4
765,31,"Female","Germany",3.74,4.32,4.14,2.53,3.94,1.95,3,3,3,4,2,3,2,1,3,2,2,3,2,2,3,2,1,2,3,3.25,2.2,2.2,2.2
766,27,"Female","Spain",3.25,2.77,3.47,3.19,4.79,2.76,3,4,3,3,4,3,3,4,4,4,4,3,4,5,2,3,3,3,3,3.25,3.6,4.0,2.8
767,19,"Female","Spain",4.07,4.01,3.65,2.91,2.93,3.2,5,5,4,4,5,5,5,5,5,2,3,3,3,3,4,3,5,4,4,4.5,5.0,2.8,4.0
768,21,"Male","Spain",2.16,2.77,3.01,2.06,2.7,3.92,3,4,3,4,2,2,2,2,2,2,2,3,3,3,3,3,3,4,2,3.5,2.0,2.6,3.0
769,32,"Male","Spain",3.05,3.26,2.87,2.87,4.24,2.57,2,2,3,2,2,3,2,2,3,2,2,3,2,2,3,3,4,4,3,2.25,2.4,2.2,3.4
770,49,"Female","Italy",3.6,3.21,3.22,3.05,2.9,1.34,2,1,1,2,3,3,2,3,3,2,2,2,2,3,3,3,4,3,3,1.5,2.8,2.2,3.2
771,19,"Male","Spain",2.74,3.96,3.18,2.37,3.2,2.14,1,1,1,2,3,2,2,3,2,2,3,2,3,3,3,3,2,2,3,1.25,2.4,2.6,2.6
772,30,"Female","France",3.27,2.33,2.94,3.78,3.49,3.04,3,4,4,4,4,3,3,3,3,2,2,2,2,2,4,3,3,3,4,3.75,3.2,2.0,3.4
773,34,"Female","France",4.54,4.38,4.49,3.98,4.16,3.7,4,3,4,3,5,5,5,5,5,4,4,3,3,4,3,1,3,2,3,3.5,5.0,3.6,2.4
774,36,"Male","Germany",3.3,3.99,3.17,2.92,2.97,1.98,2,3,3,3,2,3,3,3,3,1,3,3,2,3,5,4,4,4,4,2.75,2.8,2.4,4.2
775,30,"Female","Spain",3.44,3.13,2.82,3.47,3.22,2.05,1,2,3,1,4,4,3,4,3,3,3,2,4,3,3,2,3,3,3,1.75,3.6,3.0,2.8
776,31,"Female","Germany",2.04,2.52,2.28,3.2,3.19,1.72,2,1,1,2,4,4,5,5,3,4,4,4,4,4,3,4,5,5,4,1.5,4.2,4.0,4.2
777,33,"Female","Italy",3.33,4.15,3.93,3.41,3.78,2.42,4,3,4,4,3,3,3,3,3,3,3,2,3,3,3,3,3,4,3,3.75,3.0,2.8,3.2
778,37,"Male","Spain",3.33,4.07,4.04,2.79,4.16,1.65,3,3,1,2,4,2,2,2,3,1,2,1,2,2,2,1,3,1,1,2.25,2.6,1.6,1.6
779,22,"Female","Italy",1.79,3.19,2.93,4.11,3.93,2.89,3,4,4,3,3,3,2,3,2,3,2,4,2,3,2,2,3,3,3,3.5,2.6,2.8,2.6
780,40,"Female","Germany",2.33,4.26,2.8,2.68,3.0,2.63,2,3,1,2,3,2,2,1,4,3,3,4,3,2,3,5,4,3,3,2.0,2.4,3.0,3.6
781,19,"Female","Spain",3.01,2.55,3.37,3.58,3.84,4.59,5,5,5,5,3,3,2,4,3,3,2,4,4,3,3,3,2,2,3,5.0,3.0,3.2,2.6
782,36,"Female","Germany",2.94,3.45,3.26,4.08,1.61,2.14,3,2,2,3,4,4,4,5,4,4,4,3,4,4,4,5,5,3,3,2.5,4.2,3.8,4.0
783,21,"Female","France",2.63,3.45,2.62,3.27,3.07,2.72,4,3,5,4,4,4,4,4,4,3,3,2,3,3,3,3,3,3,3,4.0,4.0,2.8,3.0
784,23,"Male","Italy",2.81,3.4,3.63,2.74,2.98,2.77,3,3,3,3,2,2,3,3,3,1,3,1,2,1,3,3,2,4,3,3.0,2.6,1.6,3.0
785,18,"Male","Germany",3.1,3.39,2.29,3.49,2.96,1.49,2,2,2,3,4,3,2,3,3,4,4,4,4,4,4,4,5,5,4,2.25,3.0,4.0,4.4
786,28,"Male","France",3.96,3.83,4.15,1.92,3.29,3.38,3,3,3,4,3,3,2,3,3,2,1,2,2,2,1,1,1,1,1,3.25,2.8,1.8,1.0
787,26,"Female","Germany",2.45,3.0,3.81,3.93,2.51,2.47,2,1,1,1,2,2,2,1,2,1,1,1,2,2,4,5,3,4,4,1.25,1.8,1.4,4.0
788,23,"Female","Spain",2.93,3.43,3.59,2.1,2.3,3.38,4,3,4,4,2,3,3,2,3,3,2,2,2,3,2,4,3,4,3,3.75,2.6,2.4,3.2
789,28,"Female","Italy",3.49,2.37,2.73,3.42,3.49,2.63,3,4,3,4,4,5,3,4,4,5,4,5,4,5,3,2,2,4,4,3.5,4.0,4.6,3.0
790,27,"Male","Italy",3.11,3.17,3.71,2.97,2.92,1.42,1,2,1,2,1,1,1,1,1,1,1,1,2,3,1,2,1,1,1,1.5,1.0,1.6,1.2
791,35,"Female","Spain",3.22,3.73,4.36,3.18,4.11,3.32,5,5,5,5,4,4,4,5,4,4,4,4,4,4,4,4,4,3,4,5.0,4.2,4.0,3.8
792,38,"Female","France",2.83,3.15,3.05,3.18,2.6,2.26,3,3,2,2,1,1,2,1,1,2,2,2,3,3,3,3,3,3,4,2.5,1.2,2.4,3.2
793,32,"Male","Spain",3.96,4.0,3.36,3.05,3.62,1.68,2,1,2,2,3,3,4,2,3,2,3,3,3,3,2,3,3,2,1,1.75,3.0,2.8,2.2
794,22,"Female","Spain",3.63,2.74,3.02,3.16,3.68,4.15,5,4,5,4,3,3,3,4,3,3,2,2,2,3,4,4,3,3,3,4.5,3.2,2.4,3.4
795,25,"Female","Spain",2.82,1.97,2.2,3.61,3.1,2.64,2,2,2,3,5,5,4,4,5,4,3,4,3,3,5,5,5,5,5,2.25,4.6,3.4,5.0
796,39,"Female","Spain",4.21,3.95,3.56,2.79,4.18,2.52,5,5,4,5,3,2,2,2,3,2,2,2,2,3,2,2,4,4,2,4.75,2.4,2.2,2.8
797,21,"Male","Spain",2.85,3.28,2.61,3.97,3.43,3.68,3,3,4,4,2,3,3,2,2,2,2,3,3,3,2,2,3,2,2,3.5,2.4,2.6,2.2
798,27,"Female","Spain",2.78,3.39,3.53,2.97,2.91,2.31,2,2,3,2,2,3,3,3,4,5,4,4,5,5,2,3,3,2,3,2.25,3.0,4.6,2.6
799,41,"Female","Italy",2.81,3.66,3.13,2.93,2.44,1.5,4,3,2,3,2,2,3,1,2,2,3,2,2,2,4,5,3,3,3,3.0,2.0,2.2,3.6
800,42,"Female","Italy",3.25,3.4,3.1,3.26,3.73,2.02,3,4,3,3,3,2,2,2,2,3,2,3,3,2,4,2,5,3,3,3.25,2.2,2.6,3.4
801,27,"Female","Italy",3.62,3.87,3.3,2.69,2.78,3.99,4,3,4,4,3,4,3,3,4,3,3,4,3,4,3,5,4,4,3,3.75,3.4,3.4,3.8
802,32,"Non-binary","Spain",2.84,3.38,2.82,3.15,2.64,3.58,4,2,2,3,1,2,2,2,2,3,5,4,4,4,2,3,3,3,4,2.75,1.8,4.0,3.0
803,28,"Male","Germany",2.2,3.79,3.07,2.63,2.47,3.16,4,3,3,3,2,1,3,2,2,4,4,3,3,3,3,2,4,4,3,3.25,2.0,3.4,3.2
804,34,"Female","France",3.45,4.35,3.34,2.84,4.03,3.83,3,5,4,4,4,3,3,2,3,2,1,2,2,2,1,2,2,2,2,4.0,3.0,1.8,1.8
805,19,"Male","Spain",2.11,4.47,4.92,1.0,3.17,3.42,3,3,2,4,2,1,1,2,2,1,1,2,2,2,1,2,1,2,1,3.0,1.6,1.6,1.4
806,22,"Non-binary","Spain",2.77,3.2,2.97,3.54,3.13,2.91,3,3,4,4,4,4,4,5,4,2,2,2,3,2,4,3,4,3,4,3.5,4.2,2.2,3.6
807,31,"Male","Italy",2.65,3.24,3.51,2.28,2.22,1.92,2,1,2,2,3,3,2,2,2,3,4,4,4,3,3,3,5,3,3,1.75,2.4,3.6,3.4
808,24,"Male","Spain",4.4,3.14,3.22,2.54,3.82,3.63,5,5,4,4,2,4,3,2,4,2,2,2,2,2,3,4,4,3,2,4.5,3.0,2.0,3.2
809,32,"Female","France",4.26,3.95,2.65,2.32,3.23,3.28,3,3,3,4,1,2,2,1,1,1,2,2,2,2,2,1,2,2,1,3.25,1.4,1.8,1.6
810,26,"Male","Germany",3.04,2.36,3.45,2.38,4.07,1.99,3,3,3,3,3,2,3,2,2,2,3,3,3,2,3,3,2,3,3,3.0,2.4,2.6,2.8
811,38,"Female","Spain",4.29,3.46,3.63,2.14,3.87,3.74,4,4,4,5,4,4,5,5,4,3,2,3,4,4,1,1,1,1,2,4.25,4.4,3.2,1.2
812,36,"Male","Spain",2.9,2.72,2.92,2.86,2.98,2.76,2,1,3,2,2,4,3,3,4,2,4,3,3,3,2,2,3,2,2,2.0,3.2,3.0,2.2
813,29,"Female","Germany",3.77,3.09,4.21,2.04,4.36,3.34,5,5,5,5,4,3,4,3,2,4,4,3,4,3,3,3,3,3,2,5.0,3.2,3.6,2.8
814,35,"Female","France",2.59,3.44,2.97,3.11,3.62,2.11,2,3,4,3,2,2,2,2,2,2,3,4,2,3,2,3,3,2,3,3.0,2.0,2.8,2.6
815,25,"Male","Spain",4.1,4.2,3.36,2.77,3.07,3.29,4,3,4,4,3,3,3,2,4,3,3,3,3,3,3,4,3,2,4,3.75,3.0,3.0,3.2
816,29,"Female","Germany",2.61,2.76,2.79,3.56,2.0,1.65,2,2,2,3,4,4,4,5,5,3,3,2,3,3,4,4,5,4,4,2.25,4.4,2.8,4.2
817,23,"Male","Germany",3.17,4.3,4.2,2.23,2.58,1.0,2,2,3,2,1,1,1,1,1,3,3,4,3,2,3,3,3,3,3,2.25,1.0,3.0,3.0
818,37,"Female","France",3.48,2.14,3.57,2.97,4.35,3.34,3,5,3,3,2,2,2,1,3,2,3,2,2,2,3,2,2,3,3,3.5,2.0,2.2,2.6
819,36,"Female","Italy",2.16,3.94,3.31,3.03,2.33,1.88,2,2,3,2,3,3,3,3,4,4,5,4,4,3,4,4,5,4,5,2.25,3.2,4.0,4.4
820,39,"Female","Spain",3.56,3.94,4.48,3.18,3.13,2.71,3,4,4,3,3,3,2,4,2,3,4,4,3,4,4,3,4,3,3,3.5,2.8,3.6,3.4
821,38,"Male","Spain",2.6,2.52,3.85,2.47,4.02,1.82,2,3,2,2,1,2,2,2,2,3,2,3,3,2,3,3,3,3,2,2.25,1.8,2.6,2.8
822,42,"Male","France",3.52,3.63,3.23,3.2,3.37,2.4,1,1,1,1,4,4,3,3,4,4,3,4,4,4,3,4,4,3,3,1.0,3.6,3.8,3.4
823,24,"Female","Spain",2.98,3.89,3.31,2.66,3.62,2.63,4,2,1,3,3,3,2,2,2,1,1,1,1,1,1,3,2,2,1,2.5,2.4,1.0,1.8
824,40,"Female","Italy",3.16,3.79,3.13,2.45,4.3,3.11,5,5,5,4,4,3,3,3,3,2,3,4,3,3,3,3,4,2,3,4.75,3.2,3.0,3.0
825,30,"Female","Germany",4.13,4.12,3.33,2.72,4.32,1.63,3,3,3,3,3,2,2,3,2,3,3,3,4,3,1,1,1,1,1,3.0,2.4,3.2,1.0
826,28,"Male","Spain",2.99,3.0,4.24,2.66,4.33,2.98,4,5,5,5,5,4,5,3,4,3,4,4,4,4,3,3,3,3,4,4.75,4.2,3.8,3.2
827,30,"Male","France",2.36,3.63,4.49,2.66,3.08,2.34,1,1,2,2,2,2,2,2,2,1,2,1,2,2,3,3,2,3,2,1.5,2.0,1.6,2.6
828,26,"Female","Spain",2.5,4.08,2.98,3.21,2.46,2.41,3,2,2,3,4,4,5,4,4,3,2,3,3,3,4,3,3,2,3,2.5,4.2,2.8,3.0
829,25,"Male","Germany",4.13,4.18,3.57,1.96,4.42,3.33,5,5,3,5,3,3,3,3,4,1,1,2,1,1,1,2,2,3,2,4.5,3.2,1.2,2.0
830,24,"Male","Spain",2.98,2.72,2.07,3.02,2.28,2.31,2,3,4,2,2,4,3,2,3,4,5,3,4,4,5,4,4,5,4,2.75,2.8,4.0,4.4
831,21,"Female","Italy",2.83,3.91,3.17,3.37,2.83,3.75,5,5,5,5,3,4,4,3,3,2,2,2,1,2,4,4,4,3,4,5.0,3.4,1.8,3.8
832,29,"Male","France",3.24,4.55,3.44,2.95,2.48,2.48,3,4,3,2,4,4,3,4,4,4,3,4,4,4,1,3,2,3,2,3.0,3.8,3.8,2.2
833,38,"Female","France",4.11,3.31,3.92,2.7,3.85,3.17,4,3,4,3,5,5,4,5,4,3,3,3,4,3,2,3,3,2,3,3.5,4.6,3.2,2.6
834,32,"Male","Italy",3.6,3.17,3.89,2.25,3.84,1.87,3,4,2,4,2,1,2,1,1,1,2,2,2,2,1,1,1,1,2,3.25,1.4,1.8,1.2
835,29,"Female","Italy",2.97,3.69,3.08,3.22,2.63,4.48,3,4,3,4,3,4,4,4,4,4,4,4,4,3,4,3,4,3,4,3.5,3.8,3.8,3.6
836,28,"Female","France",3.35,3.54,3.01,3.13,3.39,3.06,4,4,5,5,4,3,4,4,3,3,3,3,3,2,2,4,3,2,3,4.5,3.6,2.8,2.8
837,28,"Female","Italy",2.83,3.39,2.67,4.66,3.84,2.65,3,5,4,3,3,4,4,3,4,4,4,4,3,4,3,3,2,3,3,3.75,3.6,3.8,2.8
838,24,"Male","Germany",3.36,4.12,2.39,1.68,3.05,3.76,5,5,5,4,4,3,3,3,4,2,3,2,2,2,2,4,2,2,2,4.75,3.4,2.2,2.4
839,36,"Female","France",2.37,3.28,3.3,3.75,2.48,1.59,2,1,1,2,2,1,2,2,2,4,4,3,3,3,2,4,2,4,3,1.5,1.8,3.4,3.0
840,23,"Female","France",3.44,3.53,3.52,2.71,4.16,3.16,5,5,4,5,4,3,2,4,3,2,2,1,1,2,3,3,3,3,4,4.75,3.2,1.6,3.2
841,33,"Male","Spain",3.14,4.45,3.16,3.26,3.32,2.66,3,3,3,4,2,3,2,3,2,2,3,2,2,2,4,2,2,2,2,3.25,2.4,2.2,2.4
842,34,"Male","Italy",3.0,3.76,3.23,1.45,1.45,1.13,2,2,3,2,2,2,1,1,2,2,2,2,2,2,1,1,2,1,2,2.25,1.6,2.0,1.4
843,30,"Male","France",3.96,4.21,4.67,2.27,2.82,3.06,4,4,4,4,1,2,2,2,2,2,2,2,1,2,4,4,3,5,2,4.0,1.8,1.8,3.6
844,37,"Female","France",2.95,3.48,2.71,4.22,4.55,1.34,3,3,2,3,4,3,3,3,3,4,3,4,3,3,4,4,2,4,3,2.75,3.2,3.4,3.4
845,25,"Female","Spain",3.49,3.52,2.58,4.13,3.38,3.61,3,4,3,3,5,5,5,5,5,3,4,3,3,3,4,4,5,5,5,3.25,5.0,3.2,4.6
846,38,"Female","Germany",3.03,3.77,3.04,3.25,2.43,2.94,3,3,3,3,3,4,4,3,4,4,4,5,4,5,2,3,3,3,3,3.0,3.6,4.4,2.8
847,34,"Female","France",3.85,3.5,4.01,2.66,3.38,3.14,3,3,3,4,3,5,4,4,4,2,3,3,3,2,3,3,4,3,4,3.25,4.0,2.6,3.4
848,35,"Female","Italy",2.47,3.88,2.87,3.04,3.15,1.01,2,3,3,3,2,3,2,3,3,3,4,2,3,4,3,2,2,3,1,2.75,2.6,3.2,2.2
849,32,"Male","Spain",3.27,2.39,2.88,3.54,3.01,1.9,3,3,4,3,4,3,3,3,3,4,4,4,3,4,3,2,4,3,3,3.25,3.2,3.8,3.0
850,37,"Male","Germany",3.07,3.48,3.25,2.35,3.24,3.3,4,3,3,3,4,4,3,4,4,3,4,3,5,2,1,2,1,2,2,3.25,3.8,3.4,1.6
851,48,"Female","Spain",3.8,2.93,2.98,2.37,3.89,5.16,2,2,2,3,3,3,3,3,2,3,3,4,3,3,3,2,2,3,2,2.25,2.8,3.2,2.4
852,28,"Male","Spain",3.14,2.89,3.2,2.32,2.63,3.38,4,3,3,4,3,3,3,2,3,3,3,3,3,3,2,3,3,3,5,3.5,2.8,3.0,3.2
853,36,"Female","Germany",2.32,2.78,3.81,2.74,3.38,2.69,2,2,1,2,3,3,3,4,2,3,2,2,3,3,2,2,4,2,3,1.75,3.0,2.6,2.6
854,34,"Female","Germany",2.7,3.9,2.8,3.31,3.23,3.77,5,4,5,5,3,3,2,3,2,2,2,1,2,2,4,3,3,3,4,4.75,2.6,1.8,3.4
855,28,"Male","Spain",4.6,3.92,3.21,3.03,4.85,1.95,3,3,3,4,3,4,3,5,4,2,2,1,2,2,5,4,5,5,4,3.25,3.8,1.8,4.6
856,40,"Female","France",2.22,2.9,2.93,3.18,2.85,2.52,2,1,1,1,3,3,2,3,2,3,3,3,4,3,4,4,3,2,2,1.25,2.6,3.2,3.0
857,27,"Male","Italy",2.42,4.16,2.65,3.04,3.77,1.5,3,2,4,4,5,4,5,4,4,3,4,3,3,4,4,5,4,4,4,3.25,4.4,3.4,4.2
858,30,"Female","Germany",3.18,2.91,2.36,3.32,2.76,2.44,4,4,5,4,5,5,4,5,5,4,5,4,3,3,4,3,4,4,3,4.25,4.8,3.8,3.6
859,21,"Female","France",3.32,2.68,3.52,3.16,3.4,1.35,3,2,1,2,4,4,4,4,3,4,3,3,3,3,4,3,4,2,2,2.0,3.8,3.2,3.0
860,24,"Female","France",4.06,3.33,2.89,2.81,3.31,3.73,5,5,3,5,5,3,3,3,3,4,4,3,3,4,4,2,4,3,3,4.5,3.4,3.6,3.2
861,37,"Male","Italy",3.15,2.9,2.0,3.03,3.38,2.46,3,3,3,3,3,3,3,2,3,2,2,3,3,3,4,4,4,5,4,3.0,2.8,2.6,4.2
862,27,"Male","Italy",3.28,4.12,4.63,2.83,4.26,2.94,5,4,5,3,5,5,4,5,4,2,2,3,3,3,2,3,3,2,2,4.25,4.6,2.6,2.4
863,27,"Male","Italy",3.66,4.47,4.7,2.82,3.97,3.28,5,4,5,5,2,2,3,2,2,1,1,2,1,3,1,2,3,2,2,4.75,2.2,1.6,2.0
864,24,"Male","France",3.08,3.36,3.08,3.34,2.85,2.28,4,4,5,4,3,3,3,2,3,3,3,3,4,3,3,1,2,3,2,4.25,2.8,3.2,2.2
865,29,"Male","Spain",3.09,1.98,3.86,2.75,3.49,1.91,3,3,3,3,3,2,3,2,2,2,1,1,2,1,4,3,2,3,2,3.0,2.4,1.4,2.8
866,36,"Male","Germany",4.07,3.67,4.27,1.74,4.92,2.47,4,4,4,4,2,2,4,5,3,2,2,2,2,3,2,3,2,3,4,4.0,3.2,2.2,2.8
867,39,"Non-binary","Germany",3.85,3.59,4.23,1.84,3.31,0.79,1,2,1,2,2,2,1,1,2,1,1,1,1,2,1,1,1,1,1,1.5,1.6,1.2,1.0
868,20,"Male","Italy",4.07,2.37,3.37,3.14,4.56,2.79,4,5,5,4,4,4,5,5,4,3,3,3,4,4,1,2,1,1,3,4.5,4.4,3.4,1.6
869,30,"Male","Spain",2.25,4.27,3.17,2.76,2.45,1.14,2,2,2,3,1,1,1,1,2,3,3,3,2,4,2,2,1,2,1,2.25,1.2,3.0,1.6
870,28,"Female","Spain",2.55,3.68,2.67,3.79,2.77,2.69,4,2,3,3,3,3,3,3,3,3,2,3,4,3,3,3,4,3,4,3.0,3.0,3.0,3.4
871,31,"Female","Italy",2.47,3.11,3.33,3.09,3.16,2.12,2,1,3,1,1,2,1,1,1,2,1,1,2,2,1,2,2,2,2,1.75,1.2,1.6,1.8
872,28,"Female","Spain",3.62,4.19,3.35,2.38,3.45,1.96,3,4,4,4,3,4,3,5,4,1,2,2,2,2,3,2,3,2,2,3.75,3.8,1.8,2.4
873,27,"Female","Germany",3.48,2.66,2.56,2.96,3.12,1.76,1,2,3,3,2,2,1,1,2,3,1,2,2,1,2,3,2,3,4,2.25,1.6,1.8,2.8
874,29,"Female","France",2.74,3.88,2.46,2.52,2.97,3.77,3,3,2,2,2,2,2,2,2,2,2,2,2,2,3,3,4,3,3,2.5,2.0,2.0,3.2
875,31,"Female","Italy",3.09,2.62,2.69,3.16,2.95,1.28,3,2,4,2,2,3,3,3,3,3,2,3,3,3,4,3,4,3,3,2.75,2.8,2.8,3.4
876,29,"Female","Germany",3.29,3.11,4.04,3.16,2.87,2.49,2,4,2,2,3,2,3,3,4,3,3,3,3,3,4,3,4,3,4,2.5,3.0,3.0,3.6
877,29,"Female","France",3.26,3.58,4.02,2.53,3.8,3.17,5,4,5,4,3,3,3,3,2,3,3,2,3,2,2,3,3,2,2,4.5,2.8,2.6,2.4
878,36,"Male","Spain",3.23,4.29,4.31,2.6,3.27,3.43,3,4,4,3,3,3,3,3,2,3,2,3,2,2,3,4,3,2,3,3.5,2.8,2.4,3.0
879,34,"Male","Italy",3.5,3.32,4.26,2.6,3.18,3.19,5,3,4,4,4,4,3,3,4,2,2,2,2,3,3,2,4,3,2,4.0,3.6,2.2,2.8
880,26,"Male","France",2.92,2.65,3.38,2.54,3.84,2.94,4,5,5,4,4,3,2,3,3,2,4,3,3,3,3,2,2,4,2,4.5,3.0,3.0,2.6
881,35,"Male","France",2.42,3.4,3.91,1.64,4.34,2.12,3,3,3,2,1,1,1,1,1,2,1,1,1,1,2,1,2,2,1,2.75,1.0,1.2,1.6
882,37,"Female","Italy",2.94,3.56,3.63,3.42,3.45,3.02,3,5,4,5,4,3,4,4,4,3,3,4,2,4,4,5,4,4,4,4.25,3.8,3.2,4.2
883,22,"Male","Germany",3.8,3.77,4.45,2.71,4.66,2.36,4,4,3,3,3,3,3,3,3,1,2,2,2,2,3,2,3,3,3,3.5,3.0,1.8,2.8
884,31,"Male","France",3.74,2.38,4.53,2.21,4.28,2.15,4,4,4,4,2,3,3,3,4,2,2,2,2,1,4,3,3,3,2,4.0,3.0,1.8,3.0
885,25,"Male","Spain",3.22,4.04,3.09,3.25,3.19,3.31,3,3,3,3,3,3,4,5,3,3,4,3,3,4,3,2,2,3,3,3.0,3.6,3.4,2.6
886,34,"Female","France",4.15,3.86,4.01,1.5,3.46,3.09,3,4,4,3,1,2,1,2,1,2,3,2,1,3,1,1,1,1,1,3.5,1.4,2.2,1.0
887,24,"Male","France",3.45,3.56,3.91,2.46,3.42,2.25,4,5,5,4,3,3,4,4,3,4,4,4,5,4,4,2,1,3,3,4.5,3.4,4.2,2.6
888,32,"Female","Spain",3.91,2.21,3.31,2.91,2.81,2.78,4,3,4,4,4,3,4,4,3,2,2,1,3,2,4,3,3,4,3,3.75,3.6,2.0,3.4
889,25,"Female","Spain",3.4,4.25,4.12,2.67,3.95,2.98,5,5,5,5,3,2,3,3,2,2,2,2,3,2,3,2,2,3,2,5.0,2.6,2.2,2.4
890,29,"Male","Italy",3.72,3.4,2.94,2.58,3.86,2.03,5,4,3,5,3,3,3,4,3,2,2,2,3,2,2,3,3,3,2,4.25,3.2,2.2,2.6
891,41,"Female","Spain",3.17,2.87,2.17,3.95,2.88,1.01,3,3,2,3,4,3,3,4,4,4,4,3,3,3,3,4,3,3,2,2.75,3.6,3.4,3.0
892,27,"Male","Germany",3.4,4.16,2.79,2.93,3.25,2.39,5,4,4,3,4,4,5,5,4,2,3,3,3,4,1,1,2,3,2,4.0,4.4,3.0,1.8
893,38,"Male","Spain",3.43,4.16,2.79,3.25,3.97,2.39,4,3,4,4,3,2,2,2,2,3,5,4,4,4,2,1,1,1,1,3.75,2.2,4.0,1.2
894,46,"Female","Spain",3.09,3.41,3.52,3.23,3.63,1.44,4,3,3,4,2,2,2,2,3,2,3,2,2,2,3,2,3,4,2,3.5,2.2,2.2,2.8
895,38,"Female","Italy",3.54,2.95,3.74,3.59,3.48,2.69,4,3,4,3,3,3,3,3,2,3,3,3,3,2,4,5,4,5,4,3.5,2.8,2.8,4.4
896,23,"Male","Germany",2.3,3.24,3.3,2.43,2.9,3.57,3,4,4,4,5,4,3,4,4,3,2,2,4,2,5,5,3,4,4,3.75,4.0,2.6,4.2
897,36,"Female","Spain",2.35,3.78,3.42,2.26,3.35,2.17,1,2,1,2,1,3,2,2,3,2,1,3,2,2,1,1,1,1,1,1.5,2.2,2.0,1.0
898,19,"Male","Spain",3.17,3.7,3.15,2.49,2.84,2.56,4,4,3,3,1,2,3,1,3,2,2,2,2,3,2,3,3,2,3,3.5,2.0,2.2,2.6
899,27,"Female","Spain",2.88,3.48,3.35,3.03,2.99,0.65,2,2,2,1,4,4,3,5,4,3,3,3,3,2,1,2,3,2,2,1.75,4.0,2.8,2.0
900,38,"Female","France",2.99,4.98,3.29,2.68,5.0,3.15,4,4,3,4,4,4,5,3,4,3,3,3,3,3,2,2,3,2,2,3.75,4.0,3.0,2.2
